0.039983063627,0.039983063627,0.0083780784618
0.027314638741,0.016440170002,0.0023133159993
0.017168765896,0.0067347815652,0.00020647499083
0.010863017732,0.0028045765014,-0.00041346675703
0.0070946477805,0.0011568900883,-0.00053656780643
0.0048051361848,0.00043820871787,-0.0005057622036
0.0033688185153,0.00011631548205,-0.00043594064327
0.0024359384912,-2.81204E-5,-0.00036433645044
0.0018097084165,-9.02561E-5,-0.00030169321969
0.0013765297141,-0.00011334768383,-0.00024982731576
0.016440170002,0.027314638741,0.0023133159993
0.015057835048,0.015057835048,0.00068247181602
0.011459824897,0.0078763892171,-0.00011923342203
0.008223262745,0.0040975200294,-0.0004109493834
0.0058426389782,0.0021539649515,-0.0004709676089
0.0041922426189,0.0011435461458,-0.0004421753244
0.0030605729498,0.00060661540288,-0.00038644940561
0.0022782770852,0.00031467418819,-0.00032810594833
0.0017289387979,0.00015288185952,-0.00027558914773
0.0013360659918,6.21097E-5,-0.0002309943272
0.0067347815652,0.017168765896,0.00020647499083
0.0078763892171,0.011459824897,-0.00011923342203
0.0071067936783,0.0071067936783,-0.0003375773626
0.0057662003631,0.0042788636953,-0.00042391472499
0.004478165681,0.0025610834531,-0.00042724433857
0.0034288621412,0.0015402301109,-0.0003917773546
0.0026263415461,0.00093342610522,-0.00034337172841
0.0020266153667,0.00056899910433,-0.00029448877737
0.0015805560221,0.00034702643627,-0.00025020176831
0.0012473724885,0.00020984474699,-0.00021200750547
0.0028045765014,0.010863017732,-0.00041346675703
0.0040975200294,0.008223262745,-0.0004109493834
0.0042788636953,0.0057662003631,-0.00042391472499
0.0038772874953,0.0038772874953,-0.00041685568993
0.0032779851085,0.0025578453817,-0.00038871608331
0.0026794732168,0.0016781506135,-0.00034874336056
0.0021587440558,0.0011028957664,-0.00030535414978
0.0017326234809,0.00072831806746,-0.00026367435468
0.0013936347123,0.00048345649079,-0.0002261236361
0.0011270739076,0.00032210519635,-0.00019346857203
0.0011568900883,0.0070946477805,-0.00053656780643
0.0021539649515,0.0058426389782,-0.0004709676089
0.0025610834531,0.004478165681,-0.00042724433857
0.0025578453817,0.0032779851085,-0.00038871608331
0.0023362371562,0.0023362371562,-0.00034948875735
0.0020317556703,0.0016428737588,-0.00030967669152
0.0017204306555,0.0011496622799,-0.00027113754675
0.0014372646093,0.00080465358436,-0.00023548760699
0.0011940919745,0.00056476093204,-0.00020360743151
0.0009914210356,0.0003978871536,-0.00017574443045
0.00043820871787,0.0048051361848,-0.0005057622036
0.0011435461458,0.0041922426189,-0.0004421753244
0.0015402301109,0.0034288621412,-0.0003917773546
0.0016781506135,0.0026794732168,-0.00034874336056
0.0016428737588,0.0020317556703,-0.00030967669152
0.0015125847571,0.0015125847571,-0.00027343662926
0.0013426418482,0.0011149166543,-0.00024002570679
0.0011663059497,0.00081830170422,-0.00020973465735
0.0010008498247,0.00060022857952,-0.00018274778015
0.00085363121727,0.00044094507167,-0.00015904872556
0.00011631548205,0.0033688185153,-0.00043594064327
0.00060661540288,0.0030605729498,-0.00038644940561
0.00093342610522,0.0026263415461,-0.00034337172841
0.0011028957664,0.0021587440558,-0.00030535414978
0.0011496622799,0.0017204306555,-0.00027113754675
0.0011149166543,0.0013426418482,-0.00024002570679
0.0010339236008,0.0010339236008,-0.00021176567698
0.00093202239138,0.00079007943988,-0.00018629706123
0.00082530078247,0.00060150909201,-0.00016357612152
0.00072289059185,0.00045748746782,-0.00014350131898
-2.81204E-5,0.0024359384912,-0.00036433645044
0.00031467418819,0.0022782770852,-0.00032810594833
0.00056899910433,0.0020266153667,-0.00029448877737
0.00072831806746,0.0017326234809,-0.00026367435468
0.00080465358436,0.0014372646093,-0.00023548760699
0.00081830170422,0.0011663059497,-0.00020973465735
0.00079007943988,0.00093202239138,-0.00018629706123
0.0007373096332,0.0007373096332,-0.00016510556978
0.00067266659766,0.00057970245777,-0.00014609239441
0.00060456767996,0.00045431367285,-0.00012916214081
-9.02561E-5,0.0018097084165,-0.00030169321969
0.00015288185952,0.0017289387979,-0.00027558914773
0.00034702643627,0.0015805560221,-0.00025020176831
0.00048345649079,0.0013936347123,-0.0002261236361
0.00056476093204,0.0011940919745,-0.00020360743151
0.00060022857952,0.0010008498247,-0.00018274778015
0.00060150909201,0.00082530078247,-0.00016357612152
0.00057970245777,0.00067266659766,-0.00014609239441
0.00054394103844,0.00054394103844,-0.00013026874984
0.00050103030009,0.00043764754987,-0.00011604808873
-0.00011334768383,0.0013765297141,-0.00024982731576
6.21097E-5,0.0013360659918,-0.0002309943272
0.00020984474699,0.0012473724885,-0.00021200750547
0.00032210519635,0.0011270739076,-0.00019346857203
0.0003978871536,0.0009914210356,-0.00017574443045
0.00044094507167,0.00085363121727,-0.00015904872556
0.00045748746782,0.00072289059185,-0.00014350131898
0.00045431367285,0.00060456767996,-0.00012916214081
0.00043764754987,0.00050103030009,-0.00011604808873
0.0004125952423,0.0004125952423,-0.00010414221846
0.026536600722,0.026536600722,0.021250160447
0.021086969852,0.012588249687,0.010102647058
0.014601701997,0.0057102489996,0.0045990365607
0.0098270323907,0.0025634659524,0.0020763578504
0.0066798934149,0.0011277513309,0.00092236854957
0.004645735626,0.00046113291593,0.00038458735298
0.0033161134532,0.00014681848549,0.0001296720733
0.0024278033032,-1.40633E-6,8.47601E-6
0.0018194777469,-6.92116E-5,-4.77395E-5
0.0013925782173,-9.73411E-5,-7.17375E-5
0.012588249687,0.021086969852,0.010102647058
0.012505196579,0.012505196579,0.005801116817
0.010107548713,0.0069488431897,0.0030583161123
0.007572066071,0.0037897429101,0.0015405178405
0.0055458202155,0.002068051002,0.00074441129617
0.0040654555857,0.0011331545131,0.00033386043121
0.003013598446,0.00061935013384,0.00012335674465
0.0022680144593,0.00033225892306,1.64563E-5
0.001734882904,0.00016936026938,-3.63824E-5
0.001348475582,7.59226E-5,-6.0789E-5
0.0057102489996,0.014601701997,0.0045990365607
0.0069488431897,0.010107548713,0.0030583161123
0.0064906543894,0.0064906543894,0.0018293298095
0.0054151983411,0.0040268373781,0.001018300159
0.0042969283409,0.0024709487936,0.00053079834631
0.0033439209263,0.0015172148521,0.00025151796296
0.0025926333967,0.00093615399993,9.60255E-5
0.0020189250124,0.00058016945322,1.1601E-5
0.0015853739104,0.00035973260746,-3.2628E-5
0.0012576426503,0.00022155778701,-5.42898E-5
0.0025634659524,0.0098270323907,0.0020763578504
0.0037897429101,0.007572066071,0.0015405178405
0.0040268373781,0.0054151983411,0.001018300159
0.0037100581607,0.0037100581607,0.00061509213749
0.0031815304936,0.0024885190749,0.00034012775697
0.0026309179011,0.0016563278123,0.00016587575777
0.0021392043834,0.0011022411965,6.07127E-5
0.0017293640892,0.00073600552799,-2.11229E-7
0.0013988497894,0.00049358083179,-3.38694E-5
0.001136239792,0.00033212788058,-5.11183E-5
0.0011277513309,0.0066798934149,0.00092236854957
0.002068051002,0.0055458202155,0.00074441129617
0.0024709487936,0.0042969283409,0.00053079834631
0.0024885190749,0.0031815304936,0.00034012775697
0.0022924302305,0.0022924302305,0.00019420461507
0.0020090635784,0.0016282107385,9.26654E-5
0.0017123977822,0.0011496004106,2.65853E-5
0.0014383176681,0.00081105308658,-1.40616E-5
0.0012002307203,0.00057338996939,-3.75753E-5
0.0010000435874,0.00040670027104,-5.00105E-5
0.00046113291593,0.004645735626,0.00038458735298
0.0011331545131,0.0040654555857,0.00033386043121
0.0015172148521,0.0033439209263,0.00025151796296
0.0016563278123,0.0026309179011,0.00016587575777
0.0016282107385,0.0020090635784,9.26654E-5
0.0015059117192,0.0015059117192,3.7091E-5
0.001342477714,0.0011170566251,-1.65549E-6
0.00117061164,0.00082465239988,-2.67746E-5
0.0010078177435,0.00060811830407,-4.18266E-5
0.00086191481874,0.00044894973164,-4.98737E-5
0.00014681848549,0.0033161134532,0.0001296720733
0.00061935013384,0.003013598446,0.00012335674465
0.00093615399993,0.0025926333967,9.60255E-5
0.0011022411965,0.0021392043834,6.07127E-5
0.0011496004106,0.0017123977822,2.65853E-5
0.0011170566251,0.001342477714,-1.65549E-6
0.0010384070371,0.0010384070371,-2.26263E-5
0.00093832520559,0.00079685946505,-3.68078E-5
0.00083273213574,0.00060907069771,-4.54481E-5
0.00073083183313,0.00046495090247,-4.99277E-5
-1.40633E-6,0.0024278033032,8.47601E-6
0.00033225892306,0.0022680144593,1.64563E-5
0.00058016945322,0.0020189250124,1.1601E-5
0.00073600552799,0.0017293640892,-2.11229E-7
0.00081105308658,0.0014383176681,-1.40616E-5
0.00082465239988,0.00117061164,-2.67746E-5
0.00079685946505,0.00093832520559,-3.68078E-5
0.000744538579,0.000744538579,-4.37649E-5
0.00068015580073,0.00058708989858,-4.78928E-5
0.00061207715921,0.00046137835769,-4.97113E-5
-6.92116E-5,0.0018194777469,-4.77395E-5
0.00016936026938,0.001734882904,-3.63824E-5
0.00035973260746,0.0015853739104,-3.2628E-5
0.00049358083179,0.0013988497894,-3.38694E-5
0.00057338996939,0.0012002307203,-3.75753E-5
0.00060811830407,0.0010078177435,-4.18266E-5
0.00060907069771,0.00083273213574,-4.54481E-5
0.00058708989858,0.00068015580073,-4.78928E-5
0.00055115678732,0.00055115678732,-4.90418E-5
0.0005080092439,0.00044436705514,-4.90177E-5
-9.73411E-5,0.0013925782173,-7.17375E-5
7.59226E-5,0.001348475582,-6.0789E-5
0.00022155778701,0.0012576426503,-5.42898E-5
0.00033212788058,0.001136239792,-5.11183E-5
0.00040670027104,0.0010000435874,-5.00105E-5
0.00044894973164,0.00086191481874,-4.98737E-5
0.00046495090247,0.00073083183313,-4.99277E-5
0.00046137835769,0.00061207715921,-4.97113E-5
0.00044436705514,0.0005080092439,-4.90177E-5
0.00041897239647,0.00041897239647,-4.78106E-5
0.013915999155,0.013915999155,0.020452282035
0.013433998292,0.0077785547219,0.011909238166
0.010632797594,0.0040014344891,0.0065439683756
0.0078456797172,0.0019702722766,0.0035570441062
0.0056841925847,0.00092916726492,0.0019499522253
0.0041345639337,0.00040261690366,0.0010826066229
0.0030475828787,0.00013747112516,0.00060617090204
0.0022841246882,5.39718E-6,0.00033874850182
0.0017418534826,-5.82805E-5,0.00018554075426
0.0013507808133,-8.65098E-5,9.62908E-5
0.0077785547219,0.013433998292,0.011909238166
0.008768028483,0.008768028483,0.0078108910614
0.0077710640167,0.0052933236358,0.0047532967447
0.0062334103279,0.0030849929263,0.0028019796983
0.004801159926,0.0017735948918,0.0016362701464
0.0036528038732,0.0010131946778,0.00095506631149
0.0027835533863,0.00057356267792,0.00055733275879
0.0021388210615,0.00031787372664,0.0003231425538
0.0016620775598,0.00016795752609,0.00018367836551
0.00130765546,7.95115E-5,9.97407E-5
0.0040014344891,0.010632797594,0.0065439683756
0.0052933236358,0.0077710640167,0.0047532967447
0.005258228717,0.005258228717,0.0031810968734
0.0046050804874,0.0034140479253,0.002032889553
0.003795407415,0.0021756992202,0.0012680547353
0.0030418273269,0.0013781249025,0.00078073848869
0.0024127376134,0.00087258842647,0.00047602654923
0.0019123447964,0.00055285738441,0.00028650631369
0.0015225446843,0.00034966644885,0.00016850515732
0.0012209706488,0.00021952464631,9.48018E-5
0.0019702722766,0.0078456797172,0.0035570441062
0.0030849929263,0.0062334103279,0.0028019796983
0.0034140479253,0.0046050804874,0.002032889553
0.0032528093855,0.0032528093855,0.0013973200226
0.002867721122,0.0022414085061,0.00092774447058
0.0024254512064,0.0015267292127,0.00060180670691
0.002008287129,0.0010361630983,0.00038318622807
0.0016473804167,0.00070362196458,0.00023916185235
0.0013482287971,0.00047883697395,0.00014512768337
0.0011054884545,0.00032648110015,8.4014E-5
0.00092916726492,0.0056841925847,0.0019499522253
0.0017735948918,0.004801159926,0.0016362701464
0.0021756992202,0.003795407415,0.0012680547353
0.0022414085061,0.002867721122,0.00092774447058
0.0021058448533,0.0021058448533,0.00065127141445
0.00187679657,0.0015213274723,0.00044324130664
0.0016223766414,0.0010903000906,0.00029387817384
0.0013787670061,0.00077931471014,0.00018968966785
0.0011617343692,0.00055728816122,0.00011831468308
0.00097573002228,0.00039931247058,7.00028E-5
0.00040261690366,0.0041345639337,0.0010826066229
0.0010131946778,0.0036528038732,0.00095506631149
0.0013781249025,0.0030418273269,0.00078073848869
0.0015267292127,0.0024254512064,0.00060180670691
0.0015213274723,0.00187679657,0.00044324130664
0.0014243090776,0.0014243090776,0.00031469048249
0.001283357049,0.0010685070421,0.00021627812827
0.0011293928002,0.00079682352304,0.00014375121963
0.00097997231492,0.00059291475533,9.16749E-5
0.00084366927718,0.00044126486168,5.49786E-5
0.00013747112516,0.0030475828787,0.00060617090204
0.00057356267792,0.0027835533863,0.00055733275879
0.00087258842647,0.0024127376134,0.00047602654923
0.0010361630983,0.002008287129,0.00038318622807
0.0010903000906,0.0016223766414,0.00029387817384
0.0010685070421,0.001283357049,0.00021627812827
0.0010011042243,0.0010011042243,0.00015320259092
0.00091099996149,0.00077424317611,0.00010423827171
0.00081349654648,0.00059599820163,6.74623E-5
0.00071779744358,0.00045790802528,4.05197E-5
5.39718E-6,0.0022841246882,0.00033874850182
0.00031787372664,0.0021388210615,0.0003231425538
0.00055285738441,0.0019123447964,0.00028650631369
0.00070362196458,0.0016473804167,0.00023916185235
0.00077931471014,0.0013787670061,0.00018968966785
0.00079682352304,0.0011293928002,0.00014375121963
0.00077424317611,0.00091099996149,0.00010423827171
0.00072718583462,0.00072718583462,7.20234E-5
0.00066747137028,0.00057660675566,4.67725E-5
0.00060322749267,0.00045547313517,2.75747E-5
-5.82805E-5,0.0017418534826,0.00018554075426
0.00016795752609,0.0016620775598,0.00018367836551
0.00034966644885,0.0015225446843,0.00016850515732
0.00047883697395,0.0013482287971,0.00014512768337
0.00055728816122,0.0011617343692,0.00011831468308
0.00059291475533,0.00097997231492,9.16749E-5
0.00059599820163,0.00081349654648,6.74623E-5
0.00057660675566,0.00066747137028,4.67725E-5
0.0005432309146,0.0005432309146,2.98836E-5
0.00050235077085,0.00043976956896,1.6584E-5
-8.65098E-5,0.0013507808133,9.62908E-5
7.95115E-5,0.00130765546,9.97407E-5
0.00021952464631,0.0012209706488,9.48018E-5
0.00032648110015,0.0011054884545,8.4014E-5
0.00039931247058,0.00097573002228,7.00028E-5
0.00044126486168,0.00084366927718,5.49786E-5
0.00045790802528,0.00071779744358,4.05197E-5
0.00045547313517,0.00060322749267,2.75747E-5
0.00043976956896,0.00050235077085,1.6584E-5
0.00041564673727,0.00041564673727,7.6342E-6
0.0065596405411,0.0065596405411,0.015334541577
0.007718058506,0.0042321468268,0.010385666764
0.0070198961672,0.0024537968097,0.0065526735129
0.0057353711078,0.001323854629,0.0040193834125
0.0044783391879,0.00066643337059,0.0024546809068
0.0034427911585,0.00030042344526,0.0015097990678
0.0026447246089,0.00010201991336,0.00093923975389
0.0020450848451,-2.73339E-6,0.00059102279414
0.0015973359174,-5.57545E-5,0.00037526940178
0.0012619283961,-8.03677E-5,0.00023940340333
0.0042321468268,0.007718058506,0.010385666764
0.0055306131949,0.0055306131949,0.0075476636431
0.0054390065355,0.0036387985693,0.0050913959307
0.0047239808298,0.0022799816226,0.0033070920083
0.0038675478055,0.001389894269,0.0021166980958
0.0030834531426,0.0008321739087,0.0013523238644
0.0024357972708,0.0004893583404,0.0008677668293
0.0019245099607,0.00027999924334,0.0005603714669
0.0015284525302,0.0001522817439,0.00036387962077
0.0012233468122,7.43976E-5,0.00023693817788
0.0024537968097,0.0070198961672,0.0065526735129
0.0036387985693,0.0054390065355,0.0050913959307
0.0039009009083,0.0039009009083,0.0036719238092
0.0036273288177,0.0026690777222,0.0025329035954
0.0031361179772,0.0017788689664,0.0017064925436
0.0026110334178,0.001169711338,0.0011378463025
0.0021346599705,0.00076402988188,0.00075647826075
0.0017331532111,0.0004968966616,0.00050320376986
0.0014066578017,0.00032142279043,0.00033512826046
0.0011455886485,0.00020590598141,0.00022313287544
0.001323854629,0.0057353711078,0.0040193834125
0.0022799816226,0.0047239808298,0.0033070920083
0.0026690777222,0.0036273288177,0.0025329035954
0.0026586239626,0.0026586239626,0.0018492436818
0.0024313676259,0.0018938664423,0.0013104016182
0.0021194464737,0.0013278111804,0.00091258875802
0.001798916123,0.00092373117978,0.00062956462827
0.0015058207283,0.00064066774176,0.00043212058882
0.0012529496874,0.00044399202211,0.00029560843394
0.0010413967691,0.00030757151291,0.00020146598657
0.00066643337059,0.0044783391879,0.0024546809068
0.001389894269,0.0038675478055,0.0021166980958
0.0017788689664,0.0031361179772,0.0017064925436
0.0018938664423,0.0024313676259,0.0013104016182
0.0018292941343,0.0018292941343,0.00097294165039
0.0016691299095,0.0013508835076,0.00070634183722
0.0014718226189,0.00098712207881,0.00050528139138
0.0012718787291,0.00071764010503,0.0003578592591
0.0010867584617,0.0005208379671,0.00025152456256
0.00092349402059,0.00037807053168,0.00017550311281
0.00030042344526,0.0034427911585,0.0015097990678
0.0008321739087,0.0030834531426,0.0013523238644
0.001169711338,0.0026110334178,0.0011378463025
0.0013278111804,0.0021194464737,0.00091258875802
0.0013508835076,0.0016691299095,0.00070634183722
0.0012878288204,0.0012878288204,0.00053274249172
0.0011787609699,0.00098080244278,0.00039433343322
0.0010514952347,0.00074137805627,0.00028781071395
0.00092303767907,0.0005583322467,0.00020768082852
0.00080257246799,0.0004199872867,0.00014827426021
0.00010201991336,0.0026447246089,0.00093923975389
0.0004893583404,0.0024357972708,0.0008677668293
0.00076402988188,0.0021346599705,0.00075647826075
0.00092373117978,0.001798916123,0.00062956462827
0.00098712207881,0.0014718226189,0.00050528139138
0.00098080244278,0.0011787609699,0.00039433343322
0.00093027715647,0.00093027715647,0.00030114213999
0.0008557809206,0.00072721165989,0.00022603524401
0.000771492443,0.00056526326238,0.00016719536674
0.00068640290449,0.0004381194452,0.00012198897412
-2.73339E-6,0.0020450848451,0.00059102279414
0.00027999924334,0.0019245099607,0.0005603714669
0.0004968966616,0.0017331532111,0.00050320376986
0.00064066774176,0.0015058207283,0.00043212058882
0.00071764010503,0.0012718787291,0.0003578592591
0.00074137805627,0.0010514952347,0.00028781071395
0.00072721165989,0.0008557809206,0.00022603524401
0.00068889369626,0.00068889369626,0.00017403730901
0.00063720774203,0.00055053303619,0.00013169383215
0.00057983297912,0.00043801001979,9.8023E-5
-5.57545E-5,0.0015973359174,0.00037526940178
0.0001522817439,0.0015284525302,0.00036387962077
0.00032142279043,0.0014066578017,0.00033512826046
0.00044399202211,0.0012529496874,0.00029560843394
0.0005208379671,0.0010867584617,0.00025152456256
0.0005583322467,0.00092303767907,0.00020768082852
0.00056526326238,0.000771492443,0.00016719536674
0.00055053303619,0.00063720774203,0.00013169383215
0.00052185978654,0.00052185978654,0.00010170406562
0.00048528858289,0.00042494903576,7.70601E-5
-8.03677E-5,0.0012619283961,0.00023940340333
7.43976E-5,0.0012233468122,0.00023693817788
0.00020590598141,0.0011455886485,0.00022313287544
0.00030757151291,0.0010413967691,0.00020146598657
0.00037807053168,0.00092349402059,0.00017550311281
0.0004199872867,0.00080257246799,0.00014827426021
0.0004381194452,0.00068640290449,0.00012198897412
0.00043801001979,0.00057983297912,9.8023E-5
0.00042494903576,0.00048528858289,7.70601E-5
0.00040344363794,0.00040344363794,5.92858E-5
0.002942034033,0.002942034033,0.010629782836
0.0042335031315,0.0021278187044,0.0080431939967
0.0043928204461,0.0013634879959,0.0056546590385
0.0039650362087,0.00079475410289,0.0038224667561
0.0033429005008,0.00042014615265,0.0025415909943
0.0027267899998,0.000190375518,0.0016850878417
0.0021932082173,5.6103E-5,0.0011223634911
0.0017579003077,-1.90108E-5,0.00075363696025
0.0014123748879,-5.87169E-5,0.00051070605606
0.001141143583,-7.76972E-5,0.00034911050256
0.0021278187044,0.0042335031315,0.0080431939967
0.0032878787247,0.0032878787247,0.0063374755464
0.0035937523565,0.0023394205491,0.0046482298992
0.0033858977216,0.0015710190563,0.0032675521104
0.0029565250682,0.0010150786094,0.002247732893
0.0024807304853,0.000637265606,0.0015336006072
0.0020408056486,0.00038921244159,0.001046240636
0.0016653569633,0.00022939259391,0.00071679990504
0.0013572646127,0.00012752831245,0.00049413472706
0.0011091870679,6.31102E-5,0.00034285682934
0.0013634879959,0.0043928204461,0.0056546590385
0.0023394205491,0.0035937523565,0.0046482298992
0.0027267876595,0.0027267876595,0.003567670679
0.0027046222568,0.001966696229,0.0026189240616
0.0024640089302,0.0013732334893,0.0018726385963
0.0021408530188,0.00093972006281,0.0013211199162
0.0018120878181,0.00063481816232,0.00092727939771
0.0015134032855,0.000424727654,0.00065079388491
0.001256919904,0.00028141489667,0.00045794120344
0.0010431155826,0.00018404298785,0.00032342420044
0.00079475410289,0.0039650362087,0.0038224667561
0.0015710190563,0.0033858977216,0.0032675521104
0.001966696229,0.0027046222568,0.0026189240616
0.0020607690838,0.0020607690838,0.0020063737866
0.00196484248,0.0015214595095,0.0014923573692
0.0017734167561,0.0011011553368,0.0010903878748
0.0015495353184,0.00078752945243,0.00078902485519
0.0013287708244,0.00055938376728,0.00056850814352
0.0011280539578,0.00039571069686,0.00040919545622
0.00095339013082,0.00027905637658,0.00029471546496
0.00042014615265,0.0033429005008,0.0025415909943
0.0010150786094,0.0029565250682,0.002247732893
0.0013732334893,0.0024640089302,0.0018726385963
0.0015214595095,0.00196484248,0.0014923573692
0.001518756101,0.001518756101,0.0011525475024
0.0014251074909,0.0011497455594,0.00087154733606
0.0012869870054,0.00085903234202,0.00065028619391
0.0011349426319,0.00063689602548,0.00048133300706
0.00098658003125,0.00047026348058,0.00035469862676
0.00085067243231,0.00034655296111,0.00026077336123
0.000190375518,0.0027267899998,0.0016850878417
0.000637265606,0.0024807304853,0.0015336006072
0.00093972006281,0.0021408530188,0.0013211199162
0.0011011553368,0.0017734167561,0.0010903878748
0.0011497455594,0.0014251074909,0.00087154733606
0.0011208329066,0.0011208329066,0.00068066897537
0.0010460039129,0.00086882648103,0.00052304854589
0.00094890279685,0.00066730328785,0.00039751949807
0.00084518016856,0.00050977089774,0.00029989180463
0.00074414539308,0.00038836055181,0.00022510417713
5.6103E-5,0.0021932082173,0.0011223634911
0.00038921244159,0.0020408056486,0.001046240636
0.00063481816232,0.0018120878181,0.00092727939771
0.00078752945243,0.0015495353184,0.00078902485519
0.00085903234202,0.0012869870054,0.00065028619391
0.00086882648103,0.0010460039129,0.00052304854589
0.00083707571325,0.00083707571325,0.00041312910761
0.00078076287406,0.00066283547228,0.00032197361966
0.00071247733952,0.00052130999415,0.0002484753068
0.00064069179776,0.00040836690644,0.00019034158638
-1.90108E-5,0.0017579003077,0.00075363696025
0.00022939259391,0.0016653569633,0.00071679990504
0.000424727654,0.0015134032855,0.00065079388491
0.00055938376728,0.0013287708244,0.00056850814352
0.00063689602548,0.0011349426319,0.00048133300706
0.00066730328785,0.00094890279685,0.00039751949807
0.00066283547228,0.00078076287406,0.00032197361966
0.00063503186508,0.00063503186508,0.00025687272066
0.00059334386355,0.00051238823088,0.000202534044
0.00054479323657,0.00041127893406,0.0001581984343
-5.87169E-5,0.0014123748879,0.00051070605606
0.00012752831245,0.0013572646127,0.00049413472706
0.00028141489667,0.001256919904,0.00045794120344
0.00039571069686,0.0011280539578,0.00040919545622
0.00047026348058,0.00098658003125,0.00035469862676
0.00050977089774,0.00084518016856,0.00029989180463
0.00052130999415,0.00071247733952,0.0002484753068
0.00051238823088,0.00059334386355,0.000202534044
0.00048975396029,0.00048975396029,0.00016290602234
0.00045886883643,0.0004017337357,0.0001295951016
-7.76972E-5,0.001141143583,0.00034911050256
6.31102E-5,0.0011091870679,0.00034285682934
0.00018404298785,0.0010431155826,0.00032342420044
0.00027905637658,0.00095339013082,0.00029471546496
0.00034655296111,0.00085067243231,0.00026077336123
0.00038836055181,0.00074414539308,0.00022510417713
0.00040836690644,0.00064069179776,0.00019034158638
0.00041127893406,0.00054479323657,0.0001581984343
0.0004017337357,0.00045886883643,0.0001295951016
0.00038378991803,0.00038378991803,0.0001048588681
0.0012547762725,0.0012547762725,0.0072678581851
0.0022800608492,0.0009948771386,0.0059561029669
0.0026807385162,0.00068885939505,0.0045512520895
0.0026555611195,0.00042358724104,0.0033285550835
0.0024097406281,0.00022697995868,0.0023757545464
0.0020846252469,9.4673E-5,0.0016771620547
0.0017576085588,1.16043E-5,0.0011811315569
0.0014631683016,-3.73951E-5,0.0008340671163
0.0012121194599,-6.41828E-5,0.0005922409306
0.0010040120897,-7.70583E-5,0.00042338428637
0.0009948771386,0.0022800608492,0.0059561029669
0.0018925917043,0.0018925917043,0.004993166357
0.0022995880749,0.0014400288285,0.0039169985646
0.0023445535968,0.0010285705911,0.0029406285319
0.002181301195,0.00070102911393,0.0021500591943
0.0019273032341,0.00045994132414,0.0015504699612
0.001653780977,0.00029079823683,0.0011121786956
0.001396801314,0.00017566262316,0.00079786978656
0.0011709339633,9.88591E-5,0.00057427939775
0.00097933887134,4.84143E-5,0.00041540633823
0.00068885939505,0.0026807385162,0.0045512520895
0.0014400288285,0.0022995880749,0.0039169985646
0.0018354475232,0.0018354475232,0.0031671248127
0.0019438534158,0.0013903922794,0.0024513361021
0.0018677265585,0.0010152997311,0.0018442955798
0.0016959891502,0.00072269655007,0.0013645581017
0.0014891796093,0.00050503566652,0.0010010972199
0.0012822162234,0.00034775781472,0.00073232343829
0.0010922453996,0.00023607031855,0.00053605837715
0.00092578902042,0.00015755761887,0.00039346535916
0.00042358724104,0.0026555611195,0.0033285550835
0.0010285705911,0.0023445535968,0.0029406285319
0.0013903922794,0.0019438534158,0.0024513361021
0.001537776143,0.001537776143,0.0019579377461
0.0015320323766,0.0011764064244,0.0015181802032
0.0014348247079,0.00087938421794,0.0011547815069
0.0012935089775,0.00064721213616,0.00086839282177
0.0011389462112,0.00047139078929,0.00064921214016
0.00098875133749,0.0003408128401,0.00048433882113
0.00085158487102,0.00024493646646,0.00036145216348
0.00022697995868,0.0024097406281,0.0023757545464
0.00070102911393,0.002181301195,0.0021500591943
0.0010152997311,0.0018677265585,0.0018442955798
0.0011764064244,0.0015320323766,0.0015181802032
0.001217377841,0.001217377841,0.001212583548
0.001177769925,0.00094574276788,0.00094833645957
0.0010919295021,0.00072345208919,0.00073145508677
0.00098492875054,0.00054780028836,0.00055939328533
0.00087294514101,0.00041210366747,0.0004258152975
0.00076531678766,0.0003087407428,0.00032347450138
9.4673E-5,0.0020846252469,0.0016771620547
0.00045994132414,0.0019273032341,0.0015504699612
0.00072269655007,0.0016959891502,0.0013645581017
0.00087938421794,0.0014348247079,0.0011547815069
0.00094574276788,0.001177769925,0.00094833645957
0.00094543693191,0.00094543693191,0.00076173020921
0.00090181923239,0.00074698232907,0.00060229719367
0.0008338642082,0.00058381624397,0.00047116832648
0.00075517622329,0.00045307064998,0.00036604750052
0.0006745964804,0.00035006899671,0.00028318890679
1.16043E-5,0.0017576085588,0.0011811315569
0.00029079823683,0.001653780977,0.0011121786956
0.00050503566652,0.0014891796093,0.0010010972199
0.00064721213616,0.0012935089775,0.00086839282177
0.00072345208919,0.0010919295021,0.00073145508677
0.00074698232907,0.00090181923239,0.00060229719367
0.00073283246033,0.00073283246033,0.00048758941037
0.00069455693255,0.0005886498314,0.00038987017879
0.00064283976338,0.00046909043626,0.00030900960634
0.00058532970013,0.00037188370794,0.00024343683112
-3.73951E-5,0.0014631683016,0.0008340671163
0.00017566262316,0.001396801314,0.00079786978656
0.00034775781472,0.0012822162234,0.00073232343829
0.00047139078929,0.0011389462112,0.00064921214016
0.00054780028836,0.00098492875054,0.00055939328533
0.00058381624397,0.0008338642082,0.00047116832648
0.0005886498314,0.00069455693255,0.00038987017879
0.00057153868931,0.00057153868931,0.00031823888397
0.00054043821674,0.00046621334485,0.00025711807762
0.00050154375688,0.00037800641832,0.00020615496035
-6.41828E-5,0.0012121194599,0.0005922409306
9.88591E-5,0.0011709339633,0.00057427939775
0.00023607031855,0.0010922453996,0.00053605837715
0.0003408128401,0.00098875133749,0.00048433882113
0.00041210366747,0.00087294514101,0.0004258152975
0.00045307064998,0.00075517622329,0.00036604750052
0.00046909043626,0.00064283976338,0.00030900960634
0.00046621334485,0.00054043821674,0.00025711807762
0.00045011883125,0.00045011883125,0.00021152113453
0.00042558204314,0.00037235468088,0.00017246738006
-7.70583E-5,0.0010040120897,0.00042338428637
4.84143E-5,0.00097933887134,0.00041540633823
0.00015755761887,0.00092578902042,0.00039346535916
0.00024493646646,0.00085158487102,0.00036145216348
0.0003087407428,0.00076531678766,0.00032347450138
0.00035006899671,0.0006745964804,0.00028318890679
0.00037188370794,0.00058532970013,0.00024343683112
0.00037800641832,0.00050154375688,0.00020615496035
0.00037235468088,0.00042558204314,0.00017246738006
0.00035847024975,0.00035847024975,0.00014286299608
0.00047598788221,0.00047598788221,0.0050274773632
0.0012149889241,0.00041124908525,0.0043632662175
0.0016201416083,0.00030063223336,0.0035526524885
0.0017506558376,0.00018672261554,0.0027673181654
0.0017014756284,9.16982E-5,0.0020952129827
0.0015567143742,2.18278E-5,0.0015604705884
0.001374397101,-2.50076E-5,0.0011530043866
0.0011884683781,-5.38453E-5,0.00085005545115
0.001015976384,-6.98328E-5,0.00062763422279
0.00086376482231,-7.71836E-5,0.00046512971494
0.00041124908525,0.0012149889241,0.0043632662175
0.001066296391,0.001066296391,0.0038334215174
0.0014471750902,0.00085839724279,0.0031714979255
0.0015920418739,0.00064638652355,0.0025132437444
0.0015736843159,0.00046144635492,0.0019350640204
0.0014618182372,0.00031449473947,0.0014637572677
0.0013077989758,0.00020453037315,0.0010967196352
0.0011437367703,0.00012550899913,0.00081856173771
0.00098711796625,7.0348E-5,0.00061093050112
0.00084597899411,3.27191E-5,0.00045705171502
0.00030063223336,0.0016201416083,0.0035526524885
0.00085839724279,0.0014471750902,0.0031714979255
0.0012070275819,0.0012070275819,0.0026765113414
0.0013650034637,0.00095526620478,0.0021664441842
0.0013819693137,0.00072679754231,0.0017031194497
0.0013109293868,0.00053683183855,0.0013135639239
0.0011943341762,0.0003874964857,0.0010016328169
0.0010609555847,0.00027432651367,0.00075936013641
0.00092795976277,0.00019060502402,0.0005745981191
0.00080433425096,0.00012964875219,0.0004350991815
0.00018672261554,0.0017506558376,0.0027673181654
0.00064638652355,0.0015920418739,0.0025132437444
0.00095526620478,0.0013650034637,0.0021664441842
0.0011178808486,0.0011178808486,0.0017940706689
0.0011644688325,0.00088436377543,0.0014427867239
0.0011322233628,0.00068203127018,0.0011369791703
0.0010539333125,0.00051633828949,0.00088427439941
0.00095383914988,0.00038562603352,0.00068241232679
0.00084778479666,0.00028502164913,0.00052460758847
0.00074506006203,0.00020882191568,0.00040284820843
9.16982E-5,0.0017014756284,0.0020952129827
0.00046144635492,0.0015736843159,0.0019350640204
0.00072679754231,0.0013819693137,0.0017031194497
0.00088436377543,0.0011644688325,0.0014427867239
0.00095042785675,0.00095042785675,0.0011872683274
0.0009492260615,0.00075747197866,0.00095658113077
0.00090453432321,0.00059331588168,0.00075951282109
0.00083557325982,0.00045902760176,0.00059730619331
0.00075605589554,0.00035204785283,0.00046706564626
0.00067484779363,0.00026831862069,0.00036416505608
2.18278E-5,0.0015567143742,0.0015604705884
0.00031449473947,0.0014618182372,0.0014637572677
0.00053683183855,0.0013109293868,0.0013135639239
0.00068203127018,0.0011322233628,0.0011369791703
0.00075747197866,0.0009492260615,0.00095658113077
0.00077786486446,0.00077786486446,0.00078765193936
0.00075949667124,0.00062670708336,0.0006384195609
0.00071679051539,0.00049875445855,0.00051177610121
0.00066093412468,0.00039350243281,0.00040724642271
0.00059981070544,0.0003086170647,0.0003225922928
-2.50076E-5,0.001374397101,0.0011530043866
0.00020453037315,0.0013077989758,0.0010967196352
0.0003874964857,0.0011943341762,0.0010016328169
0.00051633828949,0.0010539333125,0.00088427439941
0.00059331588168,0.00090453432321,0.00075951282109
0.00062670708336,0.00075949667124,0.0006384195609
0.00062710744118,0.00062710744118,0.00052786324166
0.00060483067269,0.00051136712687,0.00043116112244
0.00056854881434,0.00041323769052,0.00034911245256
0.00052486720677,0.00033183204,0.00028098326341
-5.38453E-5,0.0011884683781,0.00085005545115
0.00012550899913,0.0011437367703,0.00081856173771
0.00027432651367,0.0010609555847,0.00075936013641
0.00038562603352,0.00095383914988,0.00068241232679
0.00045902760176,0.00083557325982,0.00059730619331
0.00049875445855,0.00071679051539,0.00051177610121
0.00051136712687,0.00060483067269,0.00043116112244
0.0005039370694,0.0005039370694,0.00035854688324
0.00048290170033,0.00041592164307,0.00029524972186
0.00045353162499,0.00034093353151,0.00024137658639
-6.98328E-5,0.001015976384,0.00062763422279
7.0348E-5,0.00098711796625,0.00061093050112
0.00019060502402,0.00092795976277,0.0005745981191
0.00028502164913,0.00084778479666,0.00052460758847
0.00035204785283,0.00075605589554,0.00046706564626
0.00039350243281,0.00066093412468,0.00040724642271
0.00041323769052,0.00056854881434,0.00034911245256
0.00041592164307,0.00048290170033,0.00029524972186
0.00040616126041,0.00040616126041,0.00024705769785
0.0003879972143,0.00033911563,0.00020504307194
-7.71836E-5,0.00086376482231,0.00046512971494
3.27191E-5,0.00084597899411,0.00045705171502
0.00012964875219,0.00080433425096,0.0004350991815
0.00020882191568,0.00074506006203,0.00040284820843
0.00026831862069,0.00067484779363,0.00036416505608
0.0003086170647,0.00059981070544,0.0003225922928
0.00033183204,0.00052486720677,0.00028098326341
0.00034093353151,0.00045353162499,0.00024137658639
0.00033911563,0.0003879972143,0.00020504307194
0.00032937553605,0.00032937553605,0.00017262499236
0.00011770196357,0.00011770196357,0.0035510672303
0.00063577370736,0.000118136463,0.003212719394
0.00097569166371,8.75358E-5,0.0027453450308
0.0011466658441,4.52664E-5,0.0022484170112
0.0011882502164,4.50355E-6,0.0017873185895
0.0011457466232,-2.83559E-5,0.001393175844
0.0010569330457,-5.16884E-5,0.0010732022102
0.00094831346124,-6.6382E-5,0.00082170233397
0.00083630574374,-7.42496E-5,0.00062785295453
0.00072995971812,-7.71742E-5,0.00048006685896
0.000118136463,0.00063577370736,0.003212719394
0.00058645697194,0.00058645697194,0.0029241999475
0.00090246013019,0.00049549241999,0.0025224345866
0.0010701802373,0.00039010212628,0.0020888648306
0.0011205779259,0.00028936237844,0.0016797132968
0.00109165782,0.00020315851918,0.0013240119604
0.0010166730055,0.00013451747244,0.0010305997757
0.00091999181617,8.25367E-5,0.0007965939399
0.00081739831572,4.4616E-5,0.0006138650986
0.00071806244855,1.77803E-5,0.00047294597391
8.75358E-5,0.00097569166371,0.0027453450308
0.00049549241999,0.00090246013019,0.0025224345866
0.00078179981725,0.00078179981725,0.0022040471227
0.00094515400695,0.00064289002715,0.0018519991893
0.0010069373795,0.00050736898872,0.001511714494
0.0009964633476,0.00038754647463,0.0012090135395
0.00094115597988,0.0002881875518,0.00095393713127
0.0008623059558,0.00020930570118,0.00074652441283
0.00077451742177,0.00014854047101,0.00058172898413
0.00068684138644,0.00010271695237,0.00045267321067
4.52664E-5,0.0011466658441,0.0022484170112
0.00039010212628,0.0010701802373,0.0020888648306
0.00064289002715,0.00094515400695,0.0018519991893
0.00079845939389,0.00079845939389,0.0015819259548
0.00086973503628,0.00065136319035,0.0013133168932
0.00087761485678,0.00051718593307,0.001067872343
0.00084335062289,0.00040218954651,0.00085583078578
0.00078459086979,0.00030773479907,0.00067945169206
0.00071424328834,0.00023239642544,0.00053641920516
0.00064087477556,0.00017351205956,0.00042234528048
4.50355E-6,0.0011882502164,0.0017873185895
0.00028936237844,0.0011205779259,0.0016797132968
0.00050736898872,0.0010069373795,0.001511714494
0.00065136319035,0.00086973503628,0.0013133168932
0.00072790861342,0.00072790861342,0.0011097372849
0.00075081859451,0.00059443562908,0.00091823745988
0.00073563051946,0.00047641972035,0.00074828391223
0.00069624433446,0.00037647046219,0.00060337676862
0.0006435346773,0.00029433474546,0.00048320003838
0.00058522886886,0.00022824422917,0.00038540000022
-2.83559E-5,0.0011457466232,0.001393175844
0.00020315851918,0.00109165782,0.0013240119604
0.00038754647463,0.0009964633476,0.0012090135395
0.00051718593307,0.00087761485678,0.001067872343
0.00059443562908,0.00075081859451,0.00091823745988
0.00062774273111,0.00062774273111,0.00077320458005
0.00062786814875,0.00051559046215,0.00064086356831
0.00060525057482,0.00041780626311,0.00052509354103
0.00056863996628,0.00033518430778,0.00042679975028
0.00052468099463,0.00026691769835,0.00034508393338
-5.16884E-5,0.0010569330457,0.0010732022102
0.00013451747244,0.0010166730055,0.0010305997757
0.0002881875518,0.00094115597988,0.00095393713127
0.00040218954651,0.00084335062289,0.00085583078578
0.00047641972035,0.00073563051946,0.00074828391223
0.00051559046215,0.00062786814875,0.00064086356831
0.00052677947268,0.00052677947268,0.00054007827052
0.00051749346863,0.00043615808152,0.0004496081475
0.00049448357807,0.0003575374969,0.00037094512002
0.00046321778996,0.0002909320126,0.00030410800553
-6.6382E-5,0.00094831346124,0.00082170233397
8.25367E-5,0.00091999181617,0.0007965939399
0.00020930570118,0.0008623059558,0.00074652441283
0.00030773479907,0.00078459086979,0.00067945169206
0.00037647046219,0.00069624433446,0.00060337676862
0.00041780626311,0.00060525057482,0.00052509354103
0.00043615808152,0.00051749346863,0.0004496081475
0.00043671393822,0.00043671393822,0.00038010414341
0.00042449179848,0.00036484674364,0.0003182290579
0.00040381997941,0.00030249702648,0.00026449928252
-7.42496E-5,0.00083630574374,0.00062785295453
4.4616E-5,0.00081739831572,0.0006138650986
0.00014854047101,0.00077451742177,0.00058172898413
0.00023239642544,0.00071424328834,0.00053641920516
0.00029433474546,0.0006435346773,0.00048320003838
0.00033518430778,0.00056863996628,0.00042679975028
0.0003575374969,0.00049448357807,0.00037094512002
0.00036484674364,0.00042449179848,0.0003182290579
0.0003607199195,0.0003607199195,0.00027020669338
0.00034846968401,0.00030412940001,0.00022760522113
-7.71742E-5,0.00072995971812,0.00048006685896
1.77803E-5,0.00071806244855,0.00047294597391
0.00010271695237,0.00068684138644,0.00045267321067
0.00017351205956,0.00064087477556,0.00042234528048
0.00022824422917,0.00058522886886,0.00038540000022
0.00026691769835,0.00052468099463,0.00034508393338
0.0002909320126,0.00046321778996,0.00030410800553
0.00030249702648,0.00040381997941,0.00026449928252
0.00030412940001,0.00034846968401,0.00022760522113
0.00029829138107,0.00029829138107,0.00019418953553
-4.41269E-5,-4.41269E-5,0.0025672593894
0.00031864298999,-2.48737E-5,0.0023945996842
0.00058527458247,-2.44464E-5,0.0021232741204
0.00074960912314,-3.43823E-5,0.0018095737321
0.0008257757304,-4.7676E-5,0.0014971938734
0.00083641222053,-5.99143E-5,0.0012128375754
0.00080413170144,-6.90321E-5,0.00096859276692
0.00074734489422,-7.45457E-5,0.00076669410985
0.00067924643707,-7.6814E-5,0.00060394603486
0.00060841475011,-7.65238E-5,0.00047484267556
-2.48737E-5,0.00031864298999,0.0023945996842
0.00030937557254,0.00030937557254,0.0022387363758
0.00055852018077,0.00027322804469,0.00199546218
0.00071583277045,0.0002233744605,0.0017124842505
0.00079243761439,0.00017063334308,0.0014278790863
0.00080762677207,0.0001219632515,0.0011658759671
0.00078143292249,8.07665E-5,0.000938262564
0.00073069070889,4.79426E-5,0.00074806064877
0.00066783059813,2.29621E-5,0.00059319437437
0.00060118572635,4.65885E-6,0.00046921822397
-2.44464E-5,0.00058527458247,0.0021232741204
0.00027322804469,0.00055852018077,0.00199546218
0.00050016655473,0.00050016655473,0.0017932002465
0.00064889354023,0.00042529019405,0.0015542145521
0.00072689264507,0.00034662149832,0.0013098186418
0.00074926999243,0.00027275558292,0.001081037239
0.00073267608186,0.00020826247563,0.00087905485031
0.00069174896096,0.0001547039544,0.00070770354037
0.00063775116842,0.00011178787146,0.00056623896306
0.00057855272798,7.82894E-5,0.00045156151351
-3.43823E-5,0.00074960912314,0.0018095737321
0.0002233744605,0.00071583277045,0.0017124842505
0.00042529019405,0.00064889354023,0.0015542145521
0.00056349189402,0.00056349189402,0.0013629280905
0.0006420736964,0.00047255424816,0.0011630910573
0.00067193857272,0.00038532826661,0.00097213905836
0.00066611745461,0.00030719915343,0.00080023499991
0.00063672728251,0.0002404571578,0.00065172370848
0.00059356076434,0.00018532819758,0.00052704912576
0.00054379840725,0.00014087819626,0.00042443624523
-4.7676E-5,0.0008257757304,0.0014971938734
0.00017063334308,0.00079243761439,0.0014278790863
0.00034662149832,0.00072689264507,0.0013098186418
0.00047255424816,0.0006420736964,0.0011630910573
0.00054988094267,0.00054988094267,0.0010060001318
0.00058584596231,0.00045935158913,0.0008524014327
0.00059008425655,0.00037622307094,0.0007110946751
0.00057216485564,0.00030338129215,0.00058652195324
0.0005402572183,0.00024165409018,0.00047997292673
0.00050067028628,0.00019059293764,0.00039076943266
-5.99143E-5,0.00083641222053,0.0012128375754
0.0001219632515,0.00080762677207,0.0011658759671
0.00027275558292,0.00074926999243,0.001081037239
0.00038532826661,0.00067193857272,0.00097213905836
0.00045935158913,0.00058584596231,0.0008524014327
0.0004992094787,0.0004992094787,0.0007324308256
0.00051164830033,0.00041766951879,0.00061950610548
0.00050389823328,0.00034445415744,0.00051780115973
0.0004825086185,0.00028091065642,0.00042906752623
0.00045281653366,0.0002271123239,0.00035341060613
-6.90321E-5,0.00080413170144,0.00096859276692
8.07665E-5,0.00078143292249,0.000938262564
0.00020826247563,0.00073267608186,0.00087905485031
0.00030719915343,0.00066611745461,0.00080023499991
0.00037622307094,0.00059008425655,0.0007110946751
0.00041766951879,0.00051164830033,0.00061950610548
0.00043601137185,0.00043601137185,0.00053125677626
0.00043649031404,0.00036646963225,0.00045001708705
0.00042416558706,0.0003047171963,0.0003776782467
0.00040339255774,0.00025127297597,0.00031482445482
-7.45457E-5,0.00074734489422,0.00076669410985
4.79426E-5,0.00073069070889,0.00074806064877
0.0001547039544,0.00069174896096,0.00070770354037
0.0002404571578,0.00063672728251,0.00065172370848
0.00030338129215,0.00057216485564,0.00058652195324
0.00034445415744,0.00050389823328,0.00051780115973
0.00036646963225,0.00043649031404,0.00045001708705
0.00037308097179,0.00037308097179,0.00038623658607
0.00036806526706,0.00031552159243,0.00032826986662
0.00035486134653,0.00026464652406,0.00027693482848
-7.6814E-5,0.00067924643707,0.00060394603486
2.29621E-5,0.00066783059813,0.00059319437437
0.00011178787146,0.00063775116842,0.00056623896306
0.00018532819758,0.00059356076434,0.00052704912576
0.00024165409018,0.0005402572183,0.00047997292673
0.00028091065642,0.0004825086185,0.00042906752623
0.0003047171963,0.00042416558706,0.0003776782467
0.00031552159243,0.00036806526706,0.00032826986662
0.00031605619247,0.00031605619247,0.00028244879141
0.00030895647297,0.00026915117984,0.00024109582061
-7.65238E-5,0.00060841475011,0.00047484267556
4.65885E-6,0.00060118572635,0.00046921822397
7.82894E-5,0.00057855272798,0.00045156151351
0.00014087819626,0.00054379840725,0.00042443624523
0.00019059293764,0.00050067028628,0.00039076943266
0.0002271123239,0.00045281653366,0.00035341060613
0.00025127297597,0.00040339255774,0.00031482445482
0.00026464652406,0.00035486134653,0.00027693482848
0.00026915117984,0.00030895647297,0.00024109582061
0.00026675314011,0.00026675314011,0.00020814725827
-0.00011286935776,-0.00011286935776,0.0018988164917
0.00014372166961,-9.08414E-5,0.0018117674224
0.00034762493452,-7.97613E-5,0.0016529172224
0.00048962022164,-7.60707E-5,0.0014540811072
0.00057298761245,-7.62644E-5,0.0012431995093
0.00060817148849,-7.76987E-5,0.0010402696074
0.00060791760755,-7.87734E-5,0.00085699558393
0.00058413046644,-7.87501E-5,0.00069845845798
0.00054643024334,-7.74602E-5,0.00056532103669
0.00050186257195,-7.5044E-5,0.00045574724815
-9.08414E-5,0.00014372166961,0.0018117674224
0.00014952065644,0.00014952065644,0.0017288340752
0.00034182900661,0.00013852937754,0.0015812342097
0.00047737800756,0.00011706140955,0.0013967766081
0.00055857033302,9.10274E-5,0.0012002694051
0.00059443675497,6.48472E-5,0.0010098800772
0.00059638919424,4.12221E-5,0.00083660610901
0.00057535109132,2.14178E-5,0.00068554314131
0.00054034365146,5.71669E-6,0.00055772021949
0.00049811348596,-6.16487E-6,0.00045177178824
-7.97613E-5,0.00034762493452,0.0016529172224
0.00013852937754,0.00034182900661,0.0015812342097
0.00031548621829,0.00031548621829,0.0014534657105
0.00044287932959,0.00027634148092,0.0012924248365
0.00052189942696,0.00023168440942,0.0011189824022
0.00055968351325,0.00018709911112,0.00094894001879
0.00056582194132,0.00014614110947,0.00079232297647
0.00054985030575,0.00011060446019,0.00065419026394
0.00051989891422,8.10184E-5,0.00053602307313
0.00048223356103,5.71367E-5,0.0004370803301
-7.60707E-5,0.00048962022164,0.0014540811072
0.00011706140955,0.00047737800756,0.0013967766081
0.00027634148092,0.00044287932959,0.0012924248365
0.00039411160163,0.00039411160163,0.0011587615939
0.00047037000597,0.00033876544791,0.0010125320662
0.00051026761988,0.00028294714151,0.00086692589217
0.00052139424829,0.00023075181829,0.00073077157488
0.00051168624871,0.00018443422106,0.00060893983606
0.00048818758233,0.00014485324,0.00050329612038
0.00045653047365,0.00011195417965,0.00041372369517
-7.62644E-5,0.00057298761245,0.0012431995093
9.10274E-5,0.00055857033302,0.0012002694051
0.00023168440942,0.00052189942696,0.0011189824022
0.00033876544791,0.00047037000597,0.0010125320662
0.00041132211994,0.00041132211994,0.00089382115368
0.00045271473217,0.00035082547322,0.00077345382026
0.00046861254461,0.00029318020558,0.00065893091355
0.0004653281339,0.00024096324903,0.00055475485766
0.00044873383755,0.00019536493578,0.0004630161562
0.00042372499664,0.00015660627676,0.00038411203055
-7.76987E-5,0.00060817148849,0.0010402696074
6.48472E-5,0.00059443675497,0.0010098800772
0.00018709911112,0.00055968351325,0.00094894001879
0.00028294714151,0.00051026761988,0.00086692589217
0.00035082547322,0.00045271473217,0.00077345382026
0.00039265211902,0.00039265211902,0.00067677430714
0.00041242498503,0.00033428686611,0.00058304613286
0.000414953723,0.00028034186688,0.00049625891412
0.00040495702011,0.00023226957255,0.0004185479896
0.0003865506642,0.00019057505615,0.00035066307537
-7.87734E-5,0.00060791760755,0.00085699558393
4.12221E-5,0.00059638919424,0.00083660610901
0.00014614110947,0.00056582194132,0.00079232297647
0.00023075181829,0.00052139424829,0.00073077157488
0.00029318020558,0.00046861254461,0.00065893091355
0.00033428686611,0.00041242498503,0.00058304613286
0.00035672383301,0.00035672383301,0.00050802221686
0.00036400762007,0.00030420610708,0.00043725880743
0.00035980059058,0.00025647829192,0.00037278477916
0.00034745487796,0.00021428100452,0.00031553987042
-7.87501E-5,0.00058413046644,0.00069845845798
2.14178E-5,0.00057535109132,0.00068554314131
0.00011060446019,0.00054985030575,0.00065419026394
0.00018443422106,0.00051168624871,0.00060893983606
0.00024096324903,0.0004653281339,0.00055475485766
0.00028034186688,0.000414953723,0.00049625891412
0.00030420610708,0.00036400762007,0.00043725880743
0.00031502430609,0.00031502430609,0.00038055513328
0.00031554770597,0.00026965118393,0.00032796996579
0.00030842652272,0.00022878706866,0.00028049971522
-7.74602E-5,0.00054643024334,0.00056532103669
5.71669E-6,0.00054034365146,0.00055772021949
8.10184E-5,0.00051989891422,0.00053602307313
0.00014485324,0.00048818758233,0.00050329612038
0.00019536493578,0.00044873383755,0.0004630161562
0.00023226957255,0.00040495702011,0.0004185479896
0.00025647829192,0.00035980059058,0.00037278477916
0.00026965118393,0.00031554770597,0.00032796996579
0.00027379171621,0.00027379171621,0.00028566972523
0.00027093825666,0.00023550806013,0.00024684386271
-7.5044E-5,0.00050186257195,0.00045574724815
-6.16487E-6,0.00049811348596,0.00045177178824
5.71367E-5,0.00048223356103,0.0004370803301
0.00011195417965,0.00045653047365,0.00041372369517
0.00015660627676,0.00042372499664,0.00038411203055
0.00019057505615,0.0003865506642,0.00035066307537
0.00021428100452,0.00034745487796,0.00031553987042
0.00022878706866,0.00030842652272,0.00028049971522
0.00023550806013,0.00027093825666,0.00024684386271
0.0002359720759,0.0002359720759,0.00021544033212
