-0.000593816,-0.000593816,-1.80743E-05
-0.000635188,-0.000737934,2.09187E-06
-0.000659713,-0.000908413,2.83539E-05
-0.000656501,-0.001103064,6.03011E-05
-0.000612894,-0.001314379,9.60115E-05
-0.000516722,-0.001527605,0.000131459
-0.000360288,-0.001720083,0.000160329
-0.0001454,-0.001863334,0.000174741
0.000112598,-0.00192893,0.00016721
0.000384825,-0.001897234,0.000133473
-0.000737934,-0.000635188,2.09187E-06
-0.000811524,-0.000811524,3.51769E-05
-0.000869611,-0.00102865,7.98535E-05
-0.000896513,-0.001287571,0.00013678
-0.000871744,-0.001582063,0.000204228
-0.000772614,-0.001894363,0.000276514
-0.000580496,-0.002191959,0.000342834
-0.000290655,-0.002428755,0.000387768
7.78295E-05,-0.002554041,0.000394779
0.000478921,-0.002529167,0.00035255
-0.000908413,-0.000659713,2.83539E-05
-0.00102865,-0.000869611,7.98535E-05
-0.001139701,-0.001139701,0.000152273
-0.001220517,-0.001477752,0.000249186
-0.001239697,-0.001882993,0.00037091
-0.001157088,-0.00233768,0.000510889
-0.000932404,-0.002798027,0.000651758
-0.000543277,-0.003190829,0.000763924
-8.51992E-06,-0.00342516,0.000810937
0.000598431,-0.00342372,0.000763611
-0.001103064,-0.000656501,6.03011E-05
-0.001287571,-0.000896513,0.00013678
-0.001477752,-0.001220517,0.000249186
-0.001648326,-0.001648326,0.000407715
-0.001754744,-0.002192354,0.000619419
-0.001730244,-0.002843222,0.000880894
-0.001494206,-0.003549194,0.001167576
-0.000982108,-0.004199126,0.001424809
-0.000197094,-0.004631305,0.001572766
0.000746109,-0.004689629,0.00153673
-0.001314379,-0.000612894,9.60115E-05
-0.001582063,-0.000871744,0.000204228
-0.001882993,-0.001239697,0.00037091
-0.002192354,-0.001754744,0.000619419
-0.002454109,-0.002454109,0.000973612
-0.002566356,-0.003353823,0.001445317
-0.002379812,-0.004409632,0.00200961
-0.001738105,-0.005467781,0.002573189
-0.000583271,-0.006249849,0.002964756
0.000917218,-0.006442169,0.002993799
-0.001527605,-0.000516722,0.000131459
-0.001894363,-0.000772614,0.000276514
-0.00233768,-0.001157088,0.000510889
-0.002843222,-0.001730244,0.000880894
-0.003353823,-0.002566356,0.001445317
-0.00373256,-0.00373256,0.002259305
-0.003728805,-0.005228744,0.003326761
-0.003006758,-0.006879205,0.004512816
-0.001333615,-0.008239214,0.0054677
0.001087999,-0.008700207,0.005713669
-0.001720083,-0.000360288,0.000160329
-0.002191959,-0.000580496,0.000342834
-0.002798027,-0.000932404,0.000651758
-0.003549194,-0.001494206,0.001167576
-0.004409632,-0.002379812,0.00200961
-0.005228744,-0.003728805,0.003326761
-0.005639007,-0.005639007,0.005227104
-0.00500559,-0.007984001,0.007583033
-0.002686379,-0.010151023,0.009748676
0.001201007,-0.011062815,0.010584157
-0.001863334,-0.0001454,0.000174741
-0.002428755,-0.000290655,0.000387768
-0.003190829,-0.000543277,0.000763924
-0.004199126,-0.000982108,0.001424809
-0.005467781,-0.001738105,0.002573189
-0.006879205,-0.003006758,0.004512816
-0.007984001,-0.00500559,0.007583033
-0.007758388,-0.007758388,0.011823292
-0.004802898,-0.010620323,0.016232651
0.001180954,-0.012023596,0.018372848
-0.00192893,0.000112598,0.00016721
-0.002554041,7.78295E-05,0.000394779
-0.00342516,-8.51992E-06,0.000810937
-0.004631305,-0.000197094,0.001572766
-0.006249849,-0.000583271,0.002964756
-0.008239214,-0.001333615,0.0054677
-0.010151023,-0.002686379,0.009748676
-0.010620323,-0.004802898,0.016232651
-0.00726563,-0.00726563,0.023707884
0.001074364,-0.008552554,0.027881321
-0.001897234,0.000384825,0.000133473
-0.002529167,0.000478921,0.00035255
-0.00342372,0.000598431,0.000763611
-0.004689629,0.000746109,0.00153673
-0.006442169,0.000917218,0.002993799
-0.008700207,0.001087999,0.005713669
-0.011062815,0.001201007,0.010584157
-0.012023596,0.001180954,0.018372848
-0.008552554,0.001074364,0.027881321
0.001262572,0.001262572,0.033440141
-0.00056877,-0.00056877,6.91318E-05
-0.000603132,-0.000700098,0.000105142
-0.000620674,-0.000853281,0.000148974
-0.00061185,-0.001025646,0.000199741
-0.000566008,-0.001210031,0.000254748
-0.000473429,-0.001393487,0.00030894
-0.000328604,-0.00155708,0.000354833
-0.000134118,-0.001677844,0.000383388
9.65016E-05,-0.001733426,0.000386079
0.000339118,-0.001708603,0.000357725
-0.000700098,-0.000603132,0.000105142
-0.000761353,-0.000761353,0.000158479
-0.000805909,-0.000952718,0.00022587
-0.00082001,-0.00117659,0.000307291
-0.000786592,-0.001426182,0.000399869
-0.00068784,-0.001685623,0.000496428
-0.000510404,-0.001928211,0.000584636
-0.000252806,-0.002118108,0.000647888
6.77617E-05,-0.002217414,0.000668918
0.000414,-0.002198005,0.000635765
-0.000853281,-0.000620674,0.000148974
-0.000952718,-0.000805909,0.00022587
-0.001038953,-0.001038953,0.000326914
-0.00109324,-0.0013235,0.000454514
-0.001089512,-0.00165564,0.000606996
-0.00099678,-0.002018121,0.000775297
-0.000786701,-0.002375122,0.000939951
-0.000447018,-0.002671864,0.00107088
3.12763E-06,-0.00284433,0.00113318
0.00050613,-0.00284043,0.001099581
-0.001025646,-0.00061185,0.000199741
-0.00117659,-0.00082001,0.000307291
-0.0013235,-0.00109324,0.000454514
-0.001442773,-0.001442773,0.000649253
-0.001496954,-0.001871961,0.000894415
-0.001435104,-0.002366436,0.001181301
-0.001201971,-0.002882225,0.001481444
-0.000760669,-0.003338934,0.001741915
-0.000125258,-0.003630329,0.001892758
0.000616636,-0.003660616,0.001872303
-0.001210031,-0.000566008,0.000254748
-0.001426182,-0.000786592,0.000399869
-0.00165564,-0.001089512,0.000606996
-0.001871961,-0.001496954,0.000894415
-0.002025626,-0.002025626,0.001276482
-0.002038502,-0.002672211,0.001751721
-0.001810837,-0.003390869,0.002284151
-0.001255207,-0.004071853,0.002785397
-0.000361206,-0.004545788,0.003118351
0.000743144,-0.004640934,0.003145519
-0.001393487,-0.000473429,0.00030894
-0.001685623,-0.00068784,0.000496428
-0.002018121,-0.00099678,0.000775297
-0.002366436,-0.001435104,0.001181301
-0.002672211,-0.002038502,0.001751721
-0.002825819,-0.002825819,0.002507305
-0.002661878,-0.003763633,0.003415508
-0.002000388,-0.00471935,0.004341412
-0.000763347,-0.00544252,0.005028131
0.000877113,-0.005642436,0.005178624
-0.00155708,-0.000328604,0.000354833
-0.001928211,-0.000510404,0.000584636
-0.002375122,-0.000786701,0.000939951
-0.002882225,-0.001201971,0.001481444
-0.003390869,-0.001810837,0.002284151
-0.003763633,-0.002661878,0.003415508
-0.003753104,-0.003753104,0.00487422
-0.003032916,-0.004953476,0.00648195
-0.001381194,-0.005937824,0.007793259
0.001004208,-0.006266084,0.008205468
-0.001677844,-0.000134118,0.000383388
-0.002118108,-0.000252806,0.000647888
-0.002671864,-0.000447018,0.00107088
-0.003338934,-0.000760669,0.001741915
-0.004071853,-0.001255207,0.002785397
-0.00471935,-0.002000388,0.004341412
-0.004953476,-0.003032916,0.00648195
-0.004259983,-0.004259983,0.009016976
-0.002179779,-0.005341783,0.011259053
0.001116947,-0.005736167,0.0121125
-0.001733426,9.65016E-05,0.000386079
-0.002217414,6.77617E-05,0.000668918
-0.00284433,3.12763E-06,0.00113318
-0.003630329,-0.000125258,0.001892758
-0.004545788,-0.000361206,0.003118351
-0.00544252,-0.000763347,0.005028131
-0.005937824,-0.001381194,0.007793259
-0.005341783,-0.002179779,0.011259053
-0.002920044,-0.002920044,0.014513424
0.001243954,-0.003156335,0.015875432
-0.001708603,0.000339118,0.000357725
-0.002198005,0.000414,0.000635765
-0.00284043,0.00050613,0.001099581
-0.003660616,0.000616636,0.001872303
-0.004640934,0.000743144,0.003145519
-0.005642436,0.000877113,0.005178624
-0.006266084,0.001004208,0.008205468
-0.005736167,0.001116947,0.0121125
-0.003156335,0.001243954,0.015875432
0.001453349,0.001453349,0.017448893
-0.000531114,-0.000531114,0.000141329
-0.000557256,-0.000646702,0.000187956
-0.000566999,-0.000779358,0.000242782
-0.000552338,-0.000926126,0.000304428
-0.000504769,-0.001080455,0.000369648
-0.00041703,-0.001231432,0.000432917
-0.00028567,-0.001363927,0.000486515
-0.000113855,-0.001460289,0.000521476
8.67926E-05,-0.001503852,0.000529521
0.000296749,-0.001483524,0.000505572
-0.000646702,-0.000557256,0.000187956
-0.00069408,-0.00069408,0.000253818
-0.000724197,-0.00085627,0.000333882
-0.00072554,-0.001041985,0.000427263
-0.000684651,-0.001244461,0.000530148
-0.000588433,-0.001450215,0.000634683
-0.00042824,-0.001638366,0.000728552
-0.000205096,-0.001782444,0.000796129
6.60236E-05,-0.001855643,0.000821798
0.000355918,-0.001838739,0.000794918
-0.000779358,-0.000566999,0.000242782
-0.00085627,-0.000724197,0.000333882
-0.000917125,-0.000917125,0.00044852
-0.000946117,-0.001146423,0.000587423
-0.000922841,-0.001406484,0.000747015
-0.000824934,-0.001681943,0.000916898
-0.000634168,-0.001945162,0.00107803
-0.000345748,-0.00215735,0.001203552
2.24264E-05,-0.00227591,0.001264164
0.000426788,-0.002267835,0.001237866
-0.000926126,-0.000552338,0.000304428
-0.001041985,-0.00072554,0.000427263
-0.001146423,-0.000946117,0.000587423
-0.001218973,-0.001218973,0.00078929
-0.00123025,-0.001541951,0.001031531
-0.001144089,-0.001899816,0.001302006
-0.000925745,-0.002258327,0.001572723
-0.000557513,-0.002562844,0.001798656
-5.76046E-05,-0.002747429,0.001925564
0.000509827,-0.0027566,0.001908641
-0.001080455,-0.000504769,0.000369648
-0.001244461,-0.000684651,0.000530148
-0.001406484,-0.000922841,0.000747015
-0.001541951,-0.00123025,0.001031531
-0.001611132,-0.001611132,0.001388495
-0.001559005,-0.002054082,0.001807047
-0.001324535,-0.002520812,0.002249165
-0.000864899,-0.002939117,0.00264241
-0.000191462,-0.003211634,0.002888989
0.000603932,-0.003248845,0.002899851
-0.001231432,-0.00041703,0.000432917
-0.001450215,-0.000588433,0.000634683
-0.001681943,-0.000824934,0.000916898
-0.001899816,-0.001144089,0.001302006
-0.002054082,-0.001559005,0.001807047
-0.002066819,-0.002066819,0.002428981
-0.001839252,-0.00263106,0.003122108
-0.001285402,-0.00316517,0.003776886
-0.000395231,-0.003536281,0.004224804
0.000705986,-0.00361008,0.00429615
-0.001363927,-0.00028567,0.000486515
-0.001638366,-0.00042824,0.000728552
-0.001945162,-0.000634168,0.00107803
-0.002258327,-0.000925745,0.001572723
-0.002520812,-0.001324535,0.002249165
-0.00263106,-0.001839252,0.003122108
-0.002443149,-0.002443149,0.004146199
-0.001807124,-0.003046487,0.005169347
-0.000669046,-0.003489462,0.005920733
0.000811942,-0.00359396,0.006098495
-0.001460289,-0.000113855,0.000521476
-0.001782444,-0.000205096,0.000796129
-0.00215735,-0.000345748,0.001203552
-0.002562844,-0.000557513,0.001798656
-0.002939117,-0.000864899,0.00264241
-0.00316517,-0.001285402,0.003776886
-0.003046487,-0.001807124,0.005169347
-0.002355363,-0.002355363,0.00662956
-0.000971224,-0.002773596,0.007762941
0.000920668,-0.002870556,0.00808612
-0.001503852,8.67926E-05,0.000529521
-0.001855643,6.60236E-05,0.000821798
-0.00227591,2.24264E-05,0.001264164
-0.002747429,-5.76046E-05,0.001925564
-0.003211634,-0.000191462,0.002888989
-0.003536281,-0.000395231,0.004224804
-0.003489462,-0.000669046,0.005920733
-0.002773596,-0.000971224,0.007762941
-0.001198015,-0.001198015,0.009244455
0.00103778,-0.00121352,0.009697154
-0.001483524,0.000296749,0.000505572
-0.001838739,0.000355918,0.000794918
-0.002267835,0.000426788,0.001237866
-0.0027566,0.000509827,0.001908641
-0.003248845,0.000603932,0.002899851
-0.00361008,0.000705986,0.00429615
-0.00359396,0.000811942,0.006098495
-0.002870556,0.000920668,0.00808612
-0.00121352,0.00103778,0.009697154
0.001169097,0.001169097,0.010166404
-0.000485423,-0.000485423,0.000196974
-0.000503292,-0.000584245,0.00024928
-0.000505615,-0.000695691,0.000309163
-0.000485953,-0.000816765,0.000374842
-0.000437834,-0.000941732,0.000442802
-0.000356174,-0.001061736,0.00050754
-0.000239189,-0.001165124,0.000561785
-9.03127E-05,-0.001238848,0.000597431
8.07184E-05,-0.001270976,0.0006072
0.000258507,-0.001253794,0.000586675
-0.000584245,-0.000503292,0.00024928
-0.000618078,-0.000618078,0.000320734
-0.000634873,-0.000751275,0.000404952
-0.000625419,-0.000900387,0.00050028
-0.00057961,-0.001059189,0.000602367
-0.000488388,-0.001216759,0.000703436
-0.000346767,-0.00135742,0.000792248
-0.000157309,-0.001462385,0.000855344
6.73976E-05,-0.001513441,0.000879825
0.000305072,-0.001498026,0.000857151
-0.000695691,-0.000505615,0.000309163
-0.000751275,-0.000634873,0.000404952
-0.000789476,-0.000789476,0.000521277
-0.000797634,-0.000968193,0.000657299
-0.000760601,-0.001165029,0.000808188
-0.000663181,-0.001367283,0.000963452
-0.000494674,-0.001554641,0.001106156
-0.000254915,-0.001700743,0.001214279
4.05182E-05,-0.001778322,0.001265188
0.000359542,-0.001767303,0.001242645
-0.000816765,-0.000485953,0.000374842
-0.000900387,-0.000625419,0.00050028
-0.000968193,-0.000797634,0.000657299
-0.001003584,-0.001003584,0.000847096
-0.000984869,-0.001238656,0.001065346
-0.000887926,-0.001489325,0.001298855
-0.000692589,-0.001730669,0.001523032
-0.000392616,-0.001927174,0.001702713
-5.87496E-06,-0.002039348,0.001798902
0.000422031,-0.002036119,0.001781388
-0.000941732,-0.000437834,0.000442802
-0.001059189,-0.00057961,0.000602367
-0.001165029,-0.000760601,0.000808188
-0.001238656,-0.000984869,0.001065346
-0.001250611,-0.001250611,0.001371933
-0.00116476,-0.001545209,0.00171301
-0.000946481,-0.001840385,0.0020547
-0.00057812,-0.00209112,0.002342862
-7.75728E-05,-0.002243169,0.00251229
0.00049186,-0.002250879,0.002508538
-0.001061736,-0.000356174,0.00050754
-0.001216759,-0.000488388,0.000703436
-0.001367283,-0.000663181,0.000963452
-0.001489325,-0.000887926,0.001298855
-0.001545209,-0.00116476,0.00171301
-0.001484173,-0.001484173,0.002191624
-0.001251624,-0.001817397,0.002691147
-0.000811318,-0.002112215,0.003132373
-0.00017671,-0.002299988,0.003411173
0.000567472,-0.002318935,0.003434008
-0.001165124,-0.000239189,0.000561785
-0.00135742,-0.000346767,0.000792248
-0.001554641,-0.000494674,0.001106156
-0.001730669,-0.000692589,0.001523032
-0.001840385,-0.000946481,0.0020547
-0.001817397,-0.001251624,0.002691147
-0.001582884,-0.001582884,0.003380906
-0.001074654,-0.001887036,0.004015603
-0.000295437,-0.002087509,0.004439481
0.000646823,-0.002110872,0.004502704
-0.001238848,-9.03127E-05,0.000597431
-0.001462385,-0.000157309,0.000855344
-0.001700743,-0.000254915,0.001214279
-0.001927174,-0.000392616,0.001702713
-0.00209112,-0.00057812,0.002342862
-0.002112215,-0.000811318,0.003132373
-0.001887036,-0.001074654,0.004015603
-0.001323699,-0.001323699,0.004855756
-0.000408776,-0.001488682,0.005439322
0.000728132,-0.001499158,0.005548532
-0.001270976,8.07184E-05,0.0006072
-0.001513441,6.73976E-05,0.000879825
-0.001778322,4.05182E-05,0.001265188
-0.002039348,-5.87496E-06,0.001798902
-0.002243169,-7.75728E-05,0.00251229
-0.002299988,-0.00017671,0.003411173
-0.002087509,-0.000295437,0.004439481
-0.001488682,-0.000408776,0.005439322
-0.000474197,-0.000474197,0.006148234
0.000809793,-0.000447917,0.006287433
-0.001253794,0.000258507,0.000586675
-0.001498026,0.000305072,0.000857151
-0.001767303,0.000359542,0.001242645
-0.002036119,0.000422031,0.001781388
-0.002250879,0.00049186,0.002508538
-0.002318935,0.000567472,0.003434008
-0.002110872,0.000646823,0.004502704
-0.001499158,0.000728132,0.005548532
-0.000447917,0.000809793,0.006287433
0.000887661,0.000887661,0.006413595
-0.000435834,-0.000435834,0.000236449
-0.000446189,-0.000518336,0.000290345
-0.000442223,-0.000609704,0.00035061
-0.000418946,-0.000707117,0.000415221
-0.000371648,-0.000805749,0.000480656
-0.000297,-0.000898643,0.000541798
-0.00019442,-0.000977094,0.000592231
-6.73167E-05,-0.001031732,0.000625075
7.63349E-05,-0.00105427,0.000634346
0.000224619,-0.001039525,0.000616489
-0.000518336,-0.000446189,0.000290345
-0.000540171,-0.000540171,0.000361964
-0.000545903,-0.000646884,0.000444091
-0.000528454,-0.000763652,0.000534554
-0.000480566,-0.000885107,0.000628885
-0.000396337,-0.001002749,0.000719938
-0.000273342,-0.001105184,0.0007981
-0.00011484,-0.001179458,0.000852458
6.89022E-05,-0.001213543,0.000872982
0.000261192,-0.001199476,0.00085326
-0.000609704,-0.000442223,0.00035061
-0.000646884,-0.000545903,0.000444091
-0.000666752,-0.000666752,0.000554072
-0.000659626,-0.000802663,0.000678599
-0.000614768,-0.000948099,0.000812345
-0.000522407,-0.001093153,0.00094566
-0.000376921,-0.001223441,0.001064466
-0.000180555,-0.001321554,0.001151723
5.38451E-05,-0.001370465,0.001190863
0.000303059,-0.001358265,0.001170551
-0.000707117,-0.000418946,0.000415221
-0.000763652,-0.000528454,0.000534554
-0.000802663,-0.000659626,0.000678599
-0.000811423,-0.000811423,0.000846275
-0.000774723,-0.000978739,0.001031784
-0.000677325,-0.001150759,0.001222682
-0.000508484,-0.001310194,0.001398976
-0.000267949,-0.00143462,0.001534704
2.88701E-05,-0.001500841,0.001603088
0.00035012,-0.001491742,0.001584619
-0.000805749,-0.000371648,0.000480656
-0.000885107,-0.000480566,0.000628885
-0.000948099,-0.000614768,0.000812345
-0.000978739,-0.000774723,0.001031784
-0.000956489,-0.000956489,0.001281752
-0.000858927,-0.00114925,0.001547123
-0.000667792,-0.001333592,0.001800644
-0.00037813,-0.001482318,0.002004094
-7.35589E-06,-0.001565592,0.00211558
0.000401793,-0.001560233,0.002102726
-0.000898643,-0.000297,0.000541798
-0.001002749,-0.000396337,0.000719938
-0.001093153,-0.000522407,0.00094566
-0.001150759,-0.000677325,0.001222682
-0.00114925,-0.000858927,0.001547123
-0.001057601,-0.001057601,0.00190189
-0.000847577,-0.001253463,0.002251676
-0.000506801,-0.001416241,0.002542754
-5.34412E-05,-0.001510659,0.002712517
0.00045696,-0.001507971,0.002709869
-0.000977094,-0.00019442,0.000592231
-0.001105184,-0.000273342,0.0007981
-0.001223441,-0.000376921,0.001064466
-0.001310194,-0.000508484,0.001398976
-0.001333592,-0.000667792,0.001800644
-0.001253463,-0.000847577,0.002251676
-0.001029924,-0.001029924,0.002708972
-0.000640703,-0.001185058,0.003101293
-0.000102976,-0.001276217,0.00334065
0.000514014,-0.001272206,0.003351706
-0.001031732,-6.73167E-05,0.000625075
-0.001179458,-0.00011484,0.000852458
-0.001321554,-0.000180555,0.001151723
-0.00143462,-0.000267949,0.001534704
-0.001482318,-0.00037813,0.002004094
-0.001416241,-0.000506801,0.002542754
-0.001185058,-0.000640703,0.003101293
-0.000755762,-0.000755762,0.003591658
-0.00014308,-0.000820697,0.003899518
0.000570916,-0.000808311,0.003923191
-0.00105427,7.63349E-05,0.000634346
-0.001213543,6.89022E-05,0.000872982
-0.001370465,5.38451E-05,0.001190863
-0.001500841,2.88701E-05,0.001603088
-0.001565592,-7.35589E-06,0.00211558
-0.001510659,-5.34412E-05,0.002712517
-0.001276217,-0.000102976,0.00334065
-0.000820697,-0.00014308,0.003899518
-0.000156362,-0.000156362,0.004254016
0.000624914,-0.000128076,0.00428116
-0.001039525,0.000224619,0.000616489
-0.001199476,0.000261192,0.00085326
-0.001358265,0.000303059,0.001170551
-0.001491742,0.00035012,0.001584619
-0.001560233,0.000401793,0.002102726
-0.001507971,0.00045696,0.002709869
-0.001272206,0.000514014,0.003351706
-0.000808311,0.000570916,0.003923191
-0.000128076,0.000624914,0.00428116
0.000671797,0.000671797,0.004294855
-0.000385675,-0.000385675,0.000261434
-0.000389729,-0.000453252,0.000313897
-0.000380932,-0.000526738,0.000371298
-0.000355548,-0.000603622,0.000431534
-0.000310292,-0.000679983,0.000491292
-0.00024315,-0.000750503,0.000546048
-0.000154315,-0.000808824,0.0005904
-4.69588E-05,-0.000848362,0.000618773
7.25034E-05,-0.000863483,0.000626461
0.00019497,-0.000850791,0.000610756
-0.000453252,-0.000389729,0.000313897
-0.000465223,-0.000465223,0.000381936
-0.000462534,-0.000549119,0.000458017
-0.000439937,-0.000638883,0.000539728
-0.000392431,-0.000730114,0.000622826
-0.000316402,-0.000816403,0.000701099
-0.000211064,-0.00088967,0.000766702
-7.97888E-05,-0.000941158,0.000811151
6.92482E-05,-0.000963067,0.000826955
0.000223684,-0.000950452,0.000809509
-0.000526738,-0.000380932,0.000371298
-0.000549119,-0.000462534,0.000458017
-0.000555284,-0.000555284,0.000557132
-0.000538108,-0.000656858,0.000666088
-0.000490289,-0.000762585,0.000779673
-0.00040588,-0.00086506,0.00088958
-0.000282409,-0.000954361,0.000984653
-0.000123078,-0.001019202,0.001052208
6.19065E-05,-0.001049094,0.001080523
0.000255901,-0.00103707,0.001061953
-0.000603622,-0.000355548,0.000431534
-0.000638883,-0.000439937,0.000539728
-0.000656858,-0.000538108,0.000666088
-0.000648225,-0.000648225,0.000808232
-0.000602773,-0.00076568,0.000960081
-0.000511343,-0.000882374,0.001110905
-0.000368838,-0.000986688,0.001245273
-0.000177672,-0.001064693,0.001344688
4.97676E-05,-0.001102872,0.001391243
0.000291404,-0.001091847,0.001372633
-0.000679983,-0.000310292,0.000491292
-0.000730114,-0.000392431,0.000622826
-0.000762585,-0.000490289,0.000779673
-0.00076568,-0.000602773,0.000960081
-0.000725754,-0.000725754,0.001157409
-0.000629547,-0.000850985,0.001358359
-0.000468236,-0.000965691,0.001542332
-0.000242565,-0.001053697,0.001683237
3.29461E-05,-0.001098598,0.001754627
0.000329647,-0.001088558,0.001737447
-0.000750503,-0.00024315,0.000546048
-0.000816403,-0.000316402,0.000701099
-0.00086506,-0.00040588,0.00088958
-0.000882374,-0.000511343,0.001110905
-0.000850985,-0.000629547,0.001358359
-0.000752837,-0.000752837,0.001616235
-0.00057434,-0.000868324,0.001858199
-0.00031357,-0.000958739,0.002048986
1.31471E-05,-0.001005817,0.002151251
0.000369705,-0.000995924,0.002136931
-0.000808824,-0.000154315,0.0005904
-0.00088967,-0.000211064,0.000766702
-0.000954361,-0.000282409,0.000984653
-0.000986688,-0.000368838,0.001245273
-0.000965691,-0.000468236,0.001542332
-0.000868324,-0.00057434,0.001858199
-0.00067563,-0.00067563,0.002160838
-0.000382196,-0.000755786,0.002405059
-5.62942E-06,-0.000796883,0.002541055
0.000410247,-0.000785225,0.002530081
-0.000848362,-4.69588E-05,0.000618773
-0.000941158,-7.97888E-05,0.000811151
-0.001019202,-0.000123078,0.001052208
-0.001064693,-0.000177672,0.001344688
-0.001053697,-0.000242565,0.001683237
-0.000958739,-0.00031357,0.002048986
-0.000755786,-0.000382196,0.002405059
-0.000435784,-0.000435784,0.00269707
-1.70732E-05,-0.000460017,0.002863116
0.000449502,-0.000443935,0.002853804
-0.000863483,7.25034E-05,0.000626461
-0.000963067,6.92482E-05,0.000826955
-0.001049094,6.19065E-05,0.001080523
-0.001102872,4.97676E-05,0.001391243
-0.001098598,3.29461E-05,0.001754627
-0.001005817,1.31471E-05,0.002151251
-0.000796883,-5.62942E-06,0.002541055
-0.000460017,-1.70732E-05,0.002863116
-1.39947E-05,-1.39947E-05,0.003046621
0.000485158,8.67458E-06,0.003034339
-0.000850791,0.00019497,0.000610756
-0.000950452,0.000223684,0.000809509
-0.00103707,0.000255901,0.001061953
-0.001091847,0.000291404,0.001372633
-0.001088558,0.000329647,0.001737447
-0.000995924,0.000369705,0.002136931
-0.000785225,0.000410247,0.002530081
-0.000443935,0.000449502,0.002853804
8.67458E-06,0.000485158,0.003034339
0.000514269,0.000514269,0.00301224
-0.000337358,-0.000337358,0.000274284
-0.000336474,-0.000391889,0.000323329
-0.000324319,-0.000450132,0.000375909
-0.000298184,-0.000509951,0.000429985
-0.000255873,-0.000568249,0.000482578
-0.000196296,-0.000621042,0.000529846
-0.000120086,-0.000663769,0.000567393
-3.00646E-05,-0.000691871,0.000590845
6.86825E-05,-0.000701571,0.00059662
0.000169258,-0.000690682,0.000582726
-0.000391889,-0.000336474,0.000323329
-0.000396241,-0.000396241,0.000385553
-0.000387649,-0.000461286,0.000453527
-0.000362348,-0.000529389,0.000524832
-0.000317021,-0.000597076,0.000595666
-0.000249626,-0.000659632,0.000660848
-0.000160326,-0.000711421,0.000714185
-5.22683E-05,-0.000746601,0.000749269
6.81495E-05,-0.000760165,0.000760655
0.000191826,-0.00074908,0.000745128
-0.000450132,-0.000324319,0.000375909
-0.000461286,-0.000387649,0.000453527
-0.000457915,-0.000457915,0.00053991
-0.000434955,-0.000532949,0.000632325
-0.000387621,-0.00060903,0.00072606
-0.000312509,-0.00068079,0.000814291
-0.000208962,-0.000741504,0.000888466
-8.03116E-05,-0.000783928,0.000939377
6.55304E-05,-0.000801637,0.0009589
0.000216676,-0.000790582,0.000941988
-0.000509951,-0.000298184,0.000429985
-0.000529389,-0.000362348,0.000524832
-0.000532949,-0.000434955,0.000632325
-0.000514056,-0.000514056,0.000749551
-0.000466101,-0.00059589,0.000870875
-0.000383864,-0.000674641,0.000987563
-0.000265415,-0.000742649,0.001088109
-0.000114028,-0.000791324,0.001159612
6.07219E-05,-0.000812788,0.001190259
0.000243548,-0.000801895,0.001172374
-0.000568249,-0.000255873,0.000482578
-0.000597076,-0.000317021,0.000595666
-0.00060903,-0.000387621,0.00072606
-0.00059589,-0.000466101,0.000870875
-0.00054893,-0.00054893,0.001023642
-0.000460667,-0.000630196,0.001173561
-0.000327412,-0.000701695,0.001305642
-0.000152039,-0.000753844,0.00140238
5.41614E-05,-0.000777561,0.001447171
0.000271945,-0.000766735,0.001428797
-0.000621042,-0.000196296,0.000529846
-0.000659632,-0.000249626,0.000660848
-0.00068079,-0.000312509,0.000814291
-0.000674641,-0.000383864,0.000987563
-0.000630196,-0.000460667,0.001173561
-0.000537401,-0.000537401,0.001359431
-0.000390375,-0.000605973,0.001526386
-0.000191225,-0.000656553,0.001651612
4.71212E-05,-0.000679546,0.001712755
0.000301103,-0.000668345,0.001694206
-0.000663769,-0.000120086,0.000567393
-0.000711421,-0.000160326,0.000714185
-0.000741504,-0.000208962,0.000888466
-0.000742649,-0.000265415,0.001088109
-0.000701695,-0.000327412,0.001305642
-0.000605973,-0.000390375,0.001526386
-0.000447218,-0.000447218,0.001727827
-0.000226489,-0.000489012,0.001881645
4.18651E-05,-0.000506827,0.001959295
0.000329967,-0.000494464,0.001940328
-0.000691871,-3.00646E-05,0.000590845
-0.000746601,-5.22683E-05,0.000749269
-0.000783928,-8.03116E-05,0.000939377
-0.000791324,-0.000114028,0.001159612
-0.000753844,-0.000152039,0.00140238
-0.000656553,-0.000191225,0.001651612
-0.000489012,-0.000226489,0.001881645
-0.000251196,-0.000251196,0.002059258
4.14221E-05,-0.000258631,0.002150242
0.000357176,-0.000244226,0.002129667
-0.000701571,6.86825E-05,0.00059662
-0.000760165,6.81495E-05,0.000760655
-0.000801637,6.55304E-05,0.0009589
-0.000812788,6.07219E-05,0.001190259
-0.000777561,5.41614E-05,0.001447171
-0.000679546,4.71212E-05,0.001712755
-0.000506827,4.18651E-05,0.001959295
-0.000258631,4.14221E-05,0.002150242
4.87858E-05,4.87858E-05,0.002247478
0.00038107,6.56561E-05,0.002223055
-0.000690682,0.000169258,0.000582726
-0.00074908,0.000191826,0.000745128
-0.000790582,0.000216676,0.000941988
-0.000801895,0.000243548,0.001172374
-0.000766735,0.000271945,0.001428797
-0.000668345,0.000301103,0.001694206
-0.000494464,0.000329967,0.001940328
-0.000244226,0.000357176,0.002129667
6.56561E-05,0.00038107,0.002223055
0.00039975,0.00039975,0.002191982
-0.000292432,-0.000292432,0.000277547
-0.00028792,-0.000335937,0.000322058
-0.000273711,-0.0003816,0.000368877
-0.000247897,-0.000427666,0.000416121
-0.00020908,-0.000471742,0.000461209
-0.00015678,-0.00051089,0.000500973
-9.18408E-05,-0.000541877,0.000531925
-1.66836E-05,-0.000561575,0.000550707
6.4696E-05,-0.000567476,0.000554653
0.000147094,-0.000558185,0.000542336
-0.000335937,-0.00028792,0.000322058
-0.00033473,-0.00033473,0.000377412
-0.000322372,-0.000384666,0.000436586
-0.000296238,-0.000435878,0.000497317
-0.000254218,-0.000485702,0.000556337
-0.000195288,-0.000530729,0.000609456
-0.000120101,-0.000567071,0.000651899
-3.14236E-05,-0.000590856,0.000678918
6.57965E-05,-0.000598887,0.000686621
0.00016487,-0.000589317,0.000672807
-0.0003816,-0.000273711,0.000368877
-0.000384666,-0.000322372,0.000436586
-0.000375146,-0.000375146,0.000510121
-0.000349545,-0.000430177,0.000586856
-0.00030484,-0.000484618,0.000662749
-0.000239245,-0.000534654,0.000732377
-0.000153054,-0.000575776,0.000789327
-4.93273E-05,-0.000603351,0.000827021
6.58931E-05,-0.000613444,0.00083989
0.000184109,-0.000603707,0.00082464
-0.000427666,-0.000247897,0.000416121
-0.000435878,-0.000296238,0.000497317
-0.000430177,-0.000349545,0.000586856
-0.000406065,-0.000406065,0.000681794
-0.000359411,-0.000462908,0.000777275
-0.00028743,-0.000516002,0.000866457
-0.00018985,-0.000560351,0.000940942
-6.99356E-05,-0.000590658,0.000991834
6.50729E-05,-0.000602308,0.001011378
0.000204545,-0.000592462,0.000994801
-0.000471742,-0.00020908,0.000461209
-0.000485702,-0.000254218,0.000556337
-0.000484618,-0.00030484,0.000662749
-0.000462908,-0.000359411,0.000777275
-0.000415177,-0.000415177,0.000894258
-0.000337429,-0.00046805,0.001005328
-0.000228608,-0.000512817,0.001099808
-9.20574E-05,-0.000543784,0.001166041
6.37376E-05,-0.000555868,0.001193576
0.000225754,-0.000545871,0.001175771
-0.00051089,-0.00015678,0.000500973
-0.000530729,-0.000195288,0.000609456
-0.000534654,-0.000239245,0.000732377
-0.000516002,-0.00028743,0.000866457
-0.00046805,-0.000337429,0.001005328
-0.000385458,-0.000385458,0.001139082
-0.000266213,-0.000426504,0.001254631
-0.000113592,-0.000454938,0.001337258
6.27005E-05,-0.000465629,0.00137345
0.000247123,-0.000455311,0.001354384
-0.000541877,-9.18408E-05,0.000531925
-0.000567071,-0.000120101,0.000651899
-0.000575776,-0.000153054,0.000789327
-0.000560351,-0.00018985,0.000940942
-0.000512817,-0.000228608,0.001099808
-0.000426504,-0.000266213,0.001254631
-0.000298384,-0.000298384,0.001389999
-0.000131554,-0.000320194,0.001488154
6.3182E-05,-0.000327094,0.001532453
0.000267849,-0.000316203,0.001511815
-0.000561575,-1.66836E-05,0.000550707
-0.000590856,-3.14236E-05,0.000678918
-0.000603351,-4.93273E-05,0.000827021
-0.000590658,-6.99356E-05,0.000991834
-0.000543784,-9.20574E-05,0.001166041
-0.000454938,-0.000113592,0.001337258
-0.000320194,-0.000131554,0.001488154
-0.000142443,-0.000142443,0.00159837
6.66165E-05,-0.000143032,0.001648539
0.000286945,-0.000131379,0.001625629
-0.000567476,6.4696E-05,0.000554653
-0.000598887,6.57965E-05,0.000686621
-0.000613444,6.58931E-05,0.00083989
-0.000602308,6.50729E-05,0.001011378
-0.000555868,6.37376E-05,0.001193576
-0.000465629,6.27005E-05,0.00137345
-0.000327094,6.3182E-05,0.001532453
-0.000143032,6.66165E-05,0.001648539
7.42396E-05,7.42396E-05,0.001700585
0.000303276,8.65526E-05,0.001674357
-0.000558185,0.000147094,0.000542336
-0.000589317,0.00016487,0.000672807
-0.000603707,0.000184109,0.00082464
-0.000592462,0.000204545,0.000994801
-0.000545871,0.000225754,0.001175771
-0.000455311,0.000247123,0.001354384
-0.000316203,0.000267849,0.001511815
-0.000131379,0.000286945,0.001625629
8.65526E-05,0.000303276,0.001674357
0.000315641,0.000315641,0.001643687
-0.000251742,-0.000251742,0.000273635
-0.000244747,-0.000286159,0.000313152
-0.000229536,-0.000321684,0.000353985
-0.000204807,-0.000356911,0.000394457
-0.00016972,-0.000390021,0.000432397
-0.000124179,-0.000418873,0.000465245
-6.90835E-05,-0.000441192,0.000490284
-6.46582E-06,-0.000454844,0.000504977
6.05561E-05,-0.000458169,0.000507368
0.00012806,-0.000450287,0.000496453
-0.000286159,-0.000244747,0.000313152
-0.000281131,-0.000281131,0.000361409
-0.000266676,-0.000319214,0.00041197
-0.000241016,-0.000357513,0.000462819
-0.00020287,-0.000394024,0.000511234
-0.000151846,-0.000426309,0.000553898
-8.87997E-05,-0.000451705,0.000587188
-1.60705E-05,-0.000467652,0.00060763
6.25392E-05,-0.00047211,0.000612468
0.000142107,-0.000463958,0.000600217
-0.000321684,-0.000229536,0.000353985
-0.000319214,-0.000266676,0.00041197
-0.000306101,-0.000306101,0.000473546
-0.000279995,-0.000346308,0.000536352
-0.000239065,-0.000385174,0.000597046
-0.000182504,-0.000420023,0.000651415
-0.000111046,-0.000447845,0.00069472
-2.73264E-05,-0.000465676,0.000722296
6.40799E-05,-0.000471099,0.000730347
0.00015707,-0.000462749,0.000716738
-0.000356911,-0.000204807,0.000394457
-0.000357513,-0.000241016,0.000462819
-0.000346308,-0.000279995,0.000536352
-0.0003203,-0.0003203,0.00061236
-0.000277,-0.000359786,0.000686842
-0.000215069,-0.000395646,0.000754571
-0.000135024,-0.000424631,0.000809495
-3.97654E-05,-0.000443465,0.000845504
6.52946E-05,-0.000449421,0.000857503
0.000172708,-0.000440921,0.000842525
-0.000390021,-0.00016972,0.000432397
-0.000394024,-0.00020287,0.000511234
-0.000385174,-0.000239065,0.000597046
-0.000359786,-0.000277,0.000686842
-0.000314632,-0.000314632,0.00077596
-0.000247747,-0.000349191,0.000858091
-0.00015933,-0.000377372,0.000925722
-5.24974E-05,-0.000395769,0.000971085
6.64711E-05,-0.000401496,0.000987561
0.000188668,-0.00039286,0.000971182
-0.000418873,-0.000124179,0.000465245
-0.000426309,-0.000151846,0.000553898
-0.000420023,-0.000182504,0.000651415
-0.000395646,-0.000215069,0.000754571
-0.000349191,-0.000247747,0.000858091
-0.000278007,-0.000278007,0.000954593
-0.000181911,-0.000302755,0.001035051
-6.41706E-05,-0.000318733,0.001089936
6.80901E-05,-0.000323147,0.001110972
0.000204474,-0.000314353,0.001093086
-0.000441192,-6.90835E-05,0.000490284
-0.000451705,-8.87997E-05,0.000587188
-0.000447845,-0.000111046,0.00069472
-0.000424631,-0.000135024,0.000809495
-0.000377372,-0.00015933,0.000925722
-0.000302755,-0.000181911,0.001035051
-0.000200193,-0.000200193,0.001127042
-7.30507E-05,-0.000211426,0.001190476
7.07875E-05,-0.000213238,0.001215457
0.00021953,-0.000204268,0.001195836
-0.000454844,-6.46582E-06,0.000504977
-0.000467652,-1.60705E-05,0.00060763
-0.000465676,-2.73264E-05,0.000722296
-0.000443465,-3.97654E-05,0.000845504
-0.000395769,-5.24974E-05,0.000971085
-0.000318733,-6.41706E-05,0.001089936
-0.000211426,-7.30507E-05,0.001190476
-7.7272E-05,-7.7272E-05,0.001260091
7.5229E-05,-7.52505E-05,0.001287549
0.000233138,-6.61597E-05,0.001265818
-0.000458169,6.05561E-05,0.000507368
-0.00047211,6.25392E-05,0.000612468
-0.000471099,6.40799E-05,0.000730347
-0.000449421,6.52946E-05,0.000857503
-0.000401496,6.64711E-05,0.000987561
-0.000323147,6.80901E-05,0.001110972
-0.000213238,7.07875E-05,0.001215457
-7.52505E-05,7.5229E-05,0.001287549
8.19031E-05,8.19031E-05,0.0013152
0.000244533,9.08893E-05,0.001290898
-0.000450287,0.00012806,0.000496453
-0.000463958,0.000142107,0.000600217
-0.000462749,0.00015707,0.000716738
-0.000440921,0.000172708,0.000842525
-0.00039286,0.000188668,0.000971182
-0.000314353,0.000204474,0.001093086
-0.000204268,0.00021953,0.001195836
-6.61597E-05,0.000233138,0.001265818
9.08893E-05,0.000244533,0.001290898
0.000252953,0.000252953,0.00126361
-0.000215608,-0.000215608,0.00026465
-0.000207062,-0.000242673,0.000299164
-0.000191639,-0.000270168,0.000334238
-0.00016848,-0.000296986,0.000368423
-0.000137123,-0.000321764,0.000399928
-9.76941E-05,-0.000342951,0.00042672
-5.10626E-05,-0.000358953,0.000446708
1.0938E-06,-0.000368318,0.000457994
5.635E-05,-0.000369947,0.000459155
0.000111746,-0.000363291,0.000449495
-0.000242673,-0.000207062,0.000299164
-0.000235199,-0.000235199,0.000340616
-0.000219869,-0.000264127,0.000383247
-0.000195513,-0.000292683,0.000425322
-0.000161405,-0.000319384,0.000464624
-0.000117519,-0.0003425,0.000498567
-6.47508E-05,-0.000360208,0.000524431
-5.03024E-06,-0.000370817,0.000539691
5.87294E-05,-0.00037302,0.000542405
0.000122892,-0.000366141,0.00053158
-0.000270168,-0.000191639,0.000334238
-0.000264127,-0.000219869,0.000383247
-0.000249241,-0.000249241,0.000434232
-0.000223973,-0.000278578,0.000485158
-0.000187271,-0.000306324,0.000533332
-0.000138897,-0.000330617,0.000575531
-7.97346E-05,-0.000349449,0.000608279
-1.197E-05,-0.000360917,0.000628282
6.09428E-05,-0.000363526,0.000632954
0.000134594,-0.000356482,0.000620913
-0.000296986,-0.00016848,0.000368423
-0.000292683,-0.000195513,0.000425322
-0.000278578,-0.000223973,0.000485158
-0.000252724,-0.000252724,0.000545595
-0.000213687,-0.000280209,0.000603437
-0.000160957,-0.000304509,0.000654752
-9.53638E-05,-0.00032351,0.000695202
-1.9339E-05,-0.000335171,0.000720593
6.30856E-05,-0.000337864,0.000727561
0.000146644,-0.000330708,0.000714256
-0.000321764,-0.000137123,0.000399928
-0.000319384,-0.000161405,0.000464624
-0.000306324,-0.000187271,0.000533332
-0.000280209,-0.000213687,0.000603437
-0.00023918,-0.00023918,0.000671237
-0.000182414,-0.00026189,0.000732054
-0.00011064,-0.000279718,0.000780619
-2.65151E-05,-0.000290607,0.000811741
6.53406E-05,-0.000292893,0.000821183
0.000158757,-0.000285672,0.000806553
-0.000342951,-9.76941E-05,0.00042672
-0.0003425,-0.000117519,0.000498567
-0.000330617,-0.000138897,0.000575531
-0.000304509,-0.000160957,0.000654752
-0.00026189,-0.000182414,0.000732054
-0.000201598,-0.000201598,0.000802032
-0.000124235,-0.000216592,0.00085848
-3.2647E-05,-0.000225488,0.000895181
6.79767E-05,-0.000226734,0.000906986
0.000170571,-0.000219495,0.000890938
-0.000358953,-5.10626E-05,0.000446708
-0.000360208,-6.47508E-05,0.000524431
-0.000349449,-7.97346E-05,0.000608279
-0.00032351,-9.53638E-05,0.000695202
-0.000279718,-0.00011064,0.000780619
-0.000216592,-0.000124235,0.00085848
-0.000134595,-0.000134595,0.000921722
-3.67283E-05,-0.000140163,0.000963177
7.13133E-05,-0.000139678,0.000976845
0.00018165,-0.000132491,0.000959237
-0.000368318,1.0938E-06,0.000457994
-0.000370817,-5.03024E-06,0.000539691
-0.000360917,-1.197E-05,0.000628282
-0.000335171,-1.9339E-05,0.000720593
-0.000290607,-2.65151E-05,0.000811741
-0.000225488,-3.2647E-05,0.000895181
-0.000140163,-3.67283E-05,0.000963177
-3.77526E-05,-3.77526E-05,0.001007808
7.56467E-05,-3.49316E-05,0.001022395
0.000191503,-2.79237E-05,0.001003047
-0.000369947,5.635E-05,0.000459155
-0.00037302,5.87294E-05,0.000542405
-0.000363526,6.09428E-05,0.000632954
-0.000337864,6.30856E-05,0.000727561
-0.000292893,6.53406E-05,0.000821183
-0.000226734,6.79767E-05,0.000906986
-0.000139678,7.13133E-05,0.000976845
-3.49316E-05,7.56467E-05,0.001022395
8.11468E-05,8.11468E-05,0.00103658
0.000199615,8.77559E-05,0.00101531
-0.000363291,0.000111746,0.000449495
-0.000366141,0.000122892,0.00053158
-0.000356482,0.000134594,0.000620913
-0.000330708,0.000146644,0.000714256
-0.000285672,0.000158757,0.000806553
-0.000219495,0.000170571,0.000890938
-0.000132491,0.00018165,0.000959237
-2.79237E-05,0.000191503,0.001003047
8.77559E-05,0.000199615,0.00101531
0.000205495,0.000205495,0.000992007
